-- phpMyAdmin SQL Dump
-- version 5.2.1
-- https://www.phpmyadmin.net/
--
-- Host: 127.0.0.1:3306
-- Generation Time: Oct 13, 2024 at 11:13 AM
-- Server version: 10.11.9-MariaDB
-- PHP Version: 7.2.34

SET SQL_MODE = "NO_AUTO_VALUE_ON_ZERO";
START TRANSACTION;
SET time_zone = "+00:00";


/*!40101 SET @OLD_CHARACTER_SET_CLIENT=@@CHARACTER_SET_CLIENT */;
/*!40101 SET @OLD_CHARACTER_SET_RESULTS=@@CHARACTER_SET_RESULTS */;
/*!40101 SET @OLD_COLLATION_CONNECTION=@@COLLATION_CONNECTION */;
/*!40101 SET NAMES utf8mb4 */;

--
-- Database: `u367104911_registrasi`
--

-- --------------------------------------------------------

--
-- Table structure for table `daftar_hadiah`
--

CREATE TABLE `daftar_hadiah` (
  `id_hadiah` int(11) NOT NULL,
  `nama_hadiah` varchar(250) NOT NULL,
  `jenis_hadiah` varchar(255) DEFAULT NULL,
  `kategori` varchar(255) NOT NULL,
  `jumlah` int(11) NOT NULL
) ENGINE=InnoDB DEFAULT CHARSET=latin1 COLLATE=latin1_swedish_ci;

--
-- Dumping data for table `daftar_hadiah`
--

INSERT INTO `daftar_hadiah` (`id_hadiah`, `nama_hadiah`, `jenis_hadiah`, `kategori`, `jumlah`) VALUES
(31, 'Gopay (1 Juta)', 'Doorprize', '', 0),
(34, 'Gopay (1 Juta)', 'Doorprize', '', 0),
(35, 'Gopay (1 Juta)', 'Doorprize', '', 0);

-- --------------------------------------------------------

--
-- Table structure for table `daftar_hadir`
--

CREATE TABLE `daftar_hadir` (
  `no_hadir` int(11) NOT NULL,
  `kode_peserta` varchar(255) NOT NULL,
  `status` tinyint(1) NOT NULL,
  `waktu_registrasi` timestamp NOT NULL DEFAULT current_timestamp() ON UPDATE current_timestamp()
) ENGINE=InnoDB DEFAULT CHARSET=latin1 COLLATE=latin1_swedish_ci;

-- --------------------------------------------------------

--
-- Table structure for table `data_pemenang`
--

CREATE TABLE `data_pemenang` (
  `nik` varchar(50) NOT NULL,
  `nama_peserta` varchar(250) NOT NULL,
  `department` varchar(250) NOT NULL,
  `nama_perusahaan` varchar(255) DEFAULT NULL,
  `nama_hadiah` varchar(100) NOT NULL,
  `timestamp` timestamp NOT NULL DEFAULT current_timestamp()
) ENGINE=InnoDB DEFAULT CHARSET=latin1 COLLATE=latin1_swedish_ci;

--
-- Dumping data for table `data_pemenang`
--

INSERT INTO `data_pemenang` (`nik`, `nama_peserta`, `department`, `nama_perusahaan`, `nama_hadiah`, `timestamp`) VALUES
('0113152', 'WAHYU JATI KUSUMA', 'EXTERNAL RELATIONS & SECURITY', 'PT SiS', 'Gopay (1 Juta)', '2024-10-04 13:50:04'),
('0118403', 'CANGGIH YOGA TANJUNG', 'PIT SERVICE', 'PT SiS', 'Gopay (1 Juta)', '2024-10-04 13:50:04'),
('0206089', 'SADLI', 'PLANT MINING', 'PT SiS', 'Gopay (1 Juta)', '2024-10-04 13:50:04'),
('10050009', 'NOVI FERI ENDRI', 'PLANT PRODUCTION DEPARTMENT', 'PT. AI', 'Gopay (1 Juta)', '2024-10-04 13:48:52'),
('10060007', 'HARISAB HAWIANO', 'PLANT MAINTENANCE DEPARTMENT', 'PT. AI', 'Gopay (1 Juta)', '2024-10-04 13:51:06'),
('11010421', 'IRWAN BUDI ANSYARI', 'GOVERNMENT RELATIONS DEPARTMENT', 'Balangan Coal', 'Gopay (1 Juta)', '2024-10-04 13:48:52'),
('11070003', 'MUHAMMAD JULIADI RACHMAN', 'PLANT PRODUCTION DEPARTMENT', 'PT. AI', 'Gopay (1 Juta)', '2024-10-04 13:50:04'),
('11080020', 'BIMA PUJAKA ADITYAWARMAN', 'MINING OPERATIONS DEPARTMENT', 'PT. AI', 'Gopay (1 Juta)', '2024-10-04 13:51:06'),
('11100011', 'DEDI SETIAWAN', 'RECLAMATIONS DEPARTMENT', 'APM-AML-RLI-ASL', 'Gopay (1 Juta)', '2024-10-04 13:50:04'),
('11110086', 'ALHAMDI RASYID', 'MINING OPERATIONS DEPARTMENT', 'PT. AI', 'Gopay (1 Juta)', '2024-10-04 13:50:04'),
('12010020', 'JUNAIDI', 'INBOUND LOG. & INVENTORY DEPARTMENT', 'PT. AI', 'Gopay (1 Juta)', '2024-10-04 13:51:06'),
('12100010', 'MUHAMMAD IRSYAD ASH SIDDIQI', 'MINING OPERATIONS DEPARTMENT', 'PT. AI', 'Gopay (1 Juta)', '2024-10-04 13:48:52'),
('13080016', 'RAISA KUSUMA DEWI', 'CSR DEPARTMENT', 'PT. AI', 'Gopay (1 Juta)', '2024-10-04 13:51:06'),
('13090015', 'AHMAD YUSUF', 'ENERGY & PROJECT DEPARTMENT', 'PT. AI', 'Gopay (1 Juta)', '2024-10-04 13:48:52'),
('13110017', 'KIKI INDRA KURNIAWAN', 'STRATEGIC PLANNING DEPARTMENT', 'PT. AI', 'Gopay (1 Juta)', '2024-10-04 13:50:04'),
('14070003', 'ADYNA HAYATI', 'PSM MGT (GROUP 1) DEPARTMENT', 'PT. AI', 'Gopay (1 Juta)', '2024-10-04 13:51:06'),
('14100001', 'ANDI TRIPENUS FRAYUDA', 'FINANCE & ACCOUNTING DEPARTMENT', 'PT. AI', 'Gopay (1 Juta)', '2024-10-04 13:50:04'),
('15070184', 'RAHMAT HIDAYAT', 'ENERGY & PROJECT DEPARTMENT', 'PT. AI', 'Gopay (1 Juta)', '2024-10-04 13:51:06'),
('17050002', 'JANI ASWANDI', 'MINE READINESS DEPARTMENT', 'PT. AI', 'Gopay (1 Juta)', '2024-10-04 13:48:52'),
('17070017', 'BAMBANG SETIAWAN', 'MINE PLANNING DEPARTMENT', 'PT. AI', 'Gopay (1 Juta)', '2024-10-04 13:51:06'),
('18010012', 'YUDA PURNAMA', 'AGRIBUSINESS SECTION', 'APM-AML-RLI-ASL', 'Gopay (1 Juta)', '2024-10-04 13:50:04'),
('18110044', 'HENDRY EDUARD POLUAN', 'COAL PRODUCT ASSEMBLY DEPARTMENT', 'PT. AI', 'Gopay (1 Juta)', '2024-10-04 13:48:52'),
('19040007', 'Kim Jongmin', 'Maintenance ', 'TPI', 'Gopay (1 Juta)', '2024-10-04 13:48:52'),
('20010005', 'MUHAMMAD NOR JAILANI', 'PLANT PRODUCTION DEPARTMENT', 'PT. AI', 'Gopay (1 Juta)', '2024-10-04 13:51:06'),
('21080145', 'WAHYU ABDIANOR', 'PLANT MAINTENANCE DEPARTMENT', 'PT. AI', 'Gopay (1 Juta)', '2024-10-04 13:48:52'),
('21110226', 'RIKO JONI', 'AGRIBUSINESS SECTION', 'APM-AML-RLI-ASL', 'Gopay (1 Juta)', '2024-10-04 13:51:06'),
('22110174', 'HEROE SOELISTIJONO', 'MAINTENANCE', 'MSW', 'Gopay (1 Juta)', '2024-10-04 13:51:06'),
('80006640', 'TRIA YULENDA', 'MANAGEMENT IMPROVEMENT DEPARTMENT', 'PT. AI', 'Gopay (1 Juta)', '2024-10-04 13:48:52'),
('9080001', 'MUHAMMAD RULLAH', 'GENERAL AFFAIRS DEPARTMENT', 'PT. AI', 'Gopay (1 Juta)', '2024-10-04 13:51:06'),
('Tamu 2', 'Tamu 2', 'Tamu', 'Tamu', 'Gopay (1 Juta)', '2024-10-04 13:50:04'),
('Tamu 50', 'Tamu 50', 'Tamu', 'Tamu', 'Gopay (1 Juta)', '2024-10-04 13:48:52'),
('Tamu 7', 'Tamu 7', 'Tamu', 'Tamu', 'Gopay (1 Juta)', '2024-10-04 13:51:06');

-- --------------------------------------------------------

--
-- Table structure for table `data_peserta`
--

CREATE TABLE `data_peserta` (
  `kode_peserta` varchar(255) NOT NULL,
  `nik` varchar(255) DEFAULT NULL,
  `no_urut` int(11) DEFAULT NULL,
  `nama_peserta` varchar(255) DEFAULT NULL,
  `department` varchar(255) DEFAULT NULL,
  `nama_perusahaan` varchar(255) DEFAULT NULL,
  `kategori` varchar(255) NOT NULL,
  `status` tinyint(1) NOT NULL DEFAULT 0,
  `undian` int(11) NOT NULL DEFAULT 0,
  `waktu_registrasi` time DEFAULT NULL
) ENGINE=InnoDB DEFAULT CHARSET=latin1 COLLATE=latin1_swedish_ci;

--
-- Dumping data for table `data_peserta`
--

INSERT INTO `data_peserta` (`kode_peserta`, `nik`, `no_urut`, `nama_peserta`, `department`, `nama_perusahaan`, `kategori`, `status`, `undian`, `waktu_registrasi`) VALUES
('KPU Kutai Barat-1', 'KPU Kutai Barat-1', 1, 'KPU Kutai Barat', 'KPU Kutai Barat', 'KPU Kutai Barat', '', 0, 0, NULL),
('KPU Kutai Barat-10', 'KPU Kutai Barat-10', 10, 'KPU Kutai Barat', 'KPU Kutai Barat', 'KPU Kutai Barat', '', 0, 0, NULL),
('KPU Kutai Barat-11', 'KPU Kutai Barat-11', 11, 'KPU Kutai Barat', 'KPU Kutai Barat', 'KPU Kutai Barat', '', 0, 0, NULL),
('KPU Kutai Barat-12', 'KPU Kutai Barat-12', 12, 'KPU Kutai Barat', 'KPU Kutai Barat', 'KPU Kutai Barat', '', 0, 0, NULL),
('KPU Kutai Barat-13', 'KPU Kutai Barat-13', 13, 'KPU Kutai Barat', 'KPU Kutai Barat', 'KPU Kutai Barat', '', 0, 0, NULL),
('KPU Kutai Barat-14', 'KPU Kutai Barat-14', 14, 'KPU Kutai Barat', 'KPU Kutai Barat', 'KPU Kutai Barat', '', 0, 0, NULL),
('KPU Kutai Barat-15', 'KPU Kutai Barat-15', 15, 'KPU Kutai Barat', 'KPU Kutai Barat', 'KPU Kutai Barat', '', 0, 0, NULL),
('KPU Kutai Barat-16', 'KPU Kutai Barat-16', 16, 'KPU Kutai Barat', 'KPU Kutai Barat', 'KPU Kutai Barat', '', 0, 0, NULL),
('KPU Kutai Barat-17', 'KPU Kutai Barat-17', 17, 'KPU Kutai Barat', 'KPU Kutai Barat', 'KPU Kutai Barat', '', 0, 0, NULL),
('KPU Kutai Barat-18', 'KPU Kutai Barat-18', 18, 'KPU Kutai Barat', 'KPU Kutai Barat', 'KPU Kutai Barat', '', 0, 0, NULL),
('KPU Kutai Barat-19', 'KPU Kutai Barat-19', 19, 'KPU Kutai Barat', 'KPU Kutai Barat', 'KPU Kutai Barat', '', 0, 0, NULL),
('KPU Kutai Barat-2', 'KPU Kutai Barat-2', 2, 'KPU Kutai Barat', 'KPU Kutai Barat', 'KPU Kutai Barat', '', 0, 0, NULL),
('KPU Kutai Barat-20', 'KPU Kutai Barat-20', 20, 'KPU Kutai Barat', 'KPU Kutai Barat', 'KPU Kutai Barat', '', 0, 0, NULL),
('KPU Kutai Barat-21', 'KPU Kutai Barat-21', 21, 'KPU Kutai Barat', 'KPU Kutai Barat', 'KPU Kutai Barat', '', 0, 0, NULL),
('KPU Kutai Barat-22', 'KPU Kutai Barat-22', 22, 'KPU Kutai Barat', 'KPU Kutai Barat', 'KPU Kutai Barat', '', 0, 0, NULL),
('KPU Kutai Barat-23', 'KPU Kutai Barat-23', 23, 'KPU Kutai Barat', 'KPU Kutai Barat', 'KPU Kutai Barat', '', 0, 0, NULL),
('KPU Kutai Barat-24', 'KPU Kutai Barat-24', 24, 'KPU Kutai Barat', 'KPU Kutai Barat', 'KPU Kutai Barat', '', 0, 0, NULL),
('KPU Kutai Barat-25', 'KPU Kutai Barat-25', 25, 'KPU Kutai Barat', 'KPU Kutai Barat', 'KPU Kutai Barat', '', 0, 0, NULL),
('KPU Kutai Barat-26', 'KPU Kutai Barat-26', 26, 'KPU Kutai Barat', 'KPU Kutai Barat', 'KPU Kutai Barat', '', 0, 0, NULL),
('KPU Kutai Barat-3', 'KPU Kutai Barat-3', 3, 'KPU Kutai Barat', 'KPU Kutai Barat', 'KPU Kutai Barat', '', 0, 0, NULL),
('KPU Kutai Barat-4', 'KPU Kutai Barat-4', 4, 'KPU Kutai Barat', 'KPU Kutai Barat', 'KPU Kutai Barat', '', 0, 0, NULL),
('KPU Kutai Barat-5', 'KPU Kutai Barat-5', 5, 'KPU Kutai Barat', 'KPU Kutai Barat', 'KPU Kutai Barat', '', 0, 0, NULL),
('KPU Kutai Barat-6', 'KPU Kutai Barat-6', 6, 'KPU Kutai Barat', 'KPU Kutai Barat', 'KPU Kutai Barat', '', 0, 0, NULL),
('KPU Kutai Barat-7', 'KPU Kutai Barat-7', 7, 'KPU Kutai Barat', 'KPU Kutai Barat', 'KPU Kutai Barat', '', 0, 0, NULL),
('KPU Kutai Barat-8', 'KPU Kutai Barat-8', 8, 'KPU Kutai Barat', 'KPU Kutai Barat', 'KPU Kutai Barat', '', 0, 0, NULL),
('KPU Kutai Barat-9', 'KPU Kutai Barat-9', 9, 'KPU Kutai Barat', 'KPU Kutai Barat', 'KPU Kutai Barat', '', 0, 0, NULL),
('Tim Keamanan-1', 'Tim Keamanan-1', 1, 'Tim Keamanan', 'Tim Keamanan', 'Tim Keamanan', '', 0, 0, NULL),
('Tim Keamanan-10', 'Tim Keamanan-10', 10, 'Tim Keamanan', 'Tim Keamanan', 'Tim Keamanan', '', 0, 0, NULL),
('Tim Keamanan-11', 'Tim Keamanan-11', 11, 'Tim Keamanan', 'Tim Keamanan', 'Tim Keamanan', '', 0, 0, NULL),
('Tim Keamanan-12', 'Tim Keamanan-12', 12, 'Tim Keamanan', 'Tim Keamanan', 'Tim Keamanan', '', 0, 0, NULL),
('Tim Keamanan-13', 'Tim Keamanan-13', 13, 'Tim Keamanan', 'Tim Keamanan', 'Tim Keamanan', '', 0, 0, NULL),
('Tim Keamanan-14', 'Tim Keamanan-14', 14, 'Tim Keamanan', 'Tim Keamanan', 'Tim Keamanan', '', 0, 0, NULL),
('Tim Keamanan-15', 'Tim Keamanan-15', 15, 'Tim Keamanan', 'Tim Keamanan', 'Tim Keamanan', '', 0, 0, NULL),
('Tim Keamanan-16', 'Tim Keamanan-16', 16, 'Tim Keamanan', 'Tim Keamanan', 'Tim Keamanan', '', 0, 0, NULL),
('Tim Keamanan-17', 'Tim Keamanan-17', 17, 'Tim Keamanan', 'Tim Keamanan', 'Tim Keamanan', '', 0, 0, NULL),
('Tim Keamanan-18', 'Tim Keamanan-18', 18, 'Tim Keamanan', 'Tim Keamanan', 'Tim Keamanan', '', 0, 0, NULL),
('Tim Keamanan-19', 'Tim Keamanan-19', 19, 'Tim Keamanan', 'Tim Keamanan', 'Tim Keamanan', '', 0, 0, NULL),
('Tim Keamanan-2', 'Tim Keamanan-2', 2, 'Tim Keamanan', 'Tim Keamanan', 'Tim Keamanan', '', 0, 0, NULL),
('Tim Keamanan-20', 'Tim Keamanan-20', 20, 'Tim Keamanan', 'Tim Keamanan', 'Tim Keamanan', '', 0, 0, NULL),
('Tim Keamanan-21', 'Tim Keamanan-21', 21, 'Tim Keamanan', 'Tim Keamanan', 'Tim Keamanan', '', 0, 0, NULL),
('Tim Keamanan-22', 'Tim Keamanan-22', 22, 'Tim Keamanan', 'Tim Keamanan', 'Tim Keamanan', '', 0, 0, NULL),
('Tim Keamanan-23', 'Tim Keamanan-23', 23, 'Tim Keamanan', 'Tim Keamanan', 'Tim Keamanan', '', 0, 0, NULL),
('Tim Keamanan-24', 'Tim Keamanan-24', 24, 'Tim Keamanan', 'Tim Keamanan', 'Tim Keamanan', '', 0, 0, NULL),
('Tim Keamanan-25', 'Tim Keamanan-25', 25, 'Tim Keamanan', 'Tim Keamanan', 'Tim Keamanan', '', 0, 0, NULL),
('Tim Keamanan-26', 'Tim Keamanan-26', 26, 'Tim Keamanan', 'Tim Keamanan', 'Tim Keamanan', '', 0, 0, NULL),
('Tim Keamanan-27', 'Tim Keamanan-27', 27, 'Tim Keamanan', 'Tim Keamanan', 'Tim Keamanan', '', 0, 0, NULL),
('Tim Keamanan-28', 'Tim Keamanan-28', 28, 'Tim Keamanan', 'Tim Keamanan', 'Tim Keamanan', '', 0, 0, NULL),
('Tim Keamanan-29', 'Tim Keamanan-29', 29, 'Tim Keamanan', 'Tim Keamanan', 'Tim Keamanan', '', 0, 0, NULL),
('Tim Keamanan-3', 'Tim Keamanan-3', 3, 'Tim Keamanan', 'Tim Keamanan', 'Tim Keamanan', '', 0, 0, NULL),
('Tim Keamanan-30', 'Tim Keamanan-30', 30, 'Tim Keamanan', 'Tim Keamanan', 'Tim Keamanan', '', 0, 0, NULL),
('Tim Keamanan-4', 'Tim Keamanan-4', 4, 'Tim Keamanan', 'Tim Keamanan', 'Tim Keamanan', '', 0, 0, NULL),
('Tim Keamanan-5', 'Tim Keamanan-5', 5, 'Tim Keamanan', 'Tim Keamanan', 'Tim Keamanan', '', 0, 0, NULL),
('Tim Keamanan-6', 'Tim Keamanan-6', 6, 'Tim Keamanan', 'Tim Keamanan', 'Tim Keamanan', '', 0, 0, NULL),
('Tim Keamanan-7', 'Tim Keamanan-7', 7, 'Tim Keamanan', 'Tim Keamanan', 'Tim Keamanan', '', 0, 0, NULL),
('Tim Keamanan-8', 'Tim Keamanan-8', 8, 'Tim Keamanan', 'Tim Keamanan', 'Tim Keamanan', '', 0, 0, NULL),
('Tim Keamanan-9', 'Tim Keamanan-9', 9, 'Tim Keamanan', 'Tim Keamanan', 'Tim Keamanan', '', 0, 0, NULL),
('Tim Panelis-1', 'Tim Panelis-1', 1, 'Tim Panelis', 'Tim Panelis', 'Tim Panelis', '', 0, 0, NULL),
('Tim Panelis-2', 'Tim Panelis-2', 2, 'Tim Panelis', 'Tim Panelis', 'Tim Panelis', '', 0, 0, NULL),
('Tim Panelis-3', 'Tim Panelis-3', 3, 'Tim Panelis', 'Tim Panelis', 'Tim Panelis', '', 0, 0, NULL),
('Tim Panelis-4', 'Tim Panelis-4', 4, 'Tim Panelis', 'Tim Panelis', 'Tim Panelis', '', 0, 0, NULL),
('Tim Panelis-5', 'Tim Panelis-5', 5, 'Tim Panelis', 'Tim Panelis', 'Tim Panelis', '', 0, 0, NULL),
('Tim Paslon 1-1', 'Tim Paslon 1-1', 1, 'Tim Paslon 1', 'Tim Paslon 1', 'Tim Paslon 1', '', 0, 0, NULL),
('Tim Paslon 1-10', 'Tim Paslon 1-10', 10, 'Tim Paslon 1', 'Tim Paslon 1', 'Tim Paslon 1', '', 0, 0, NULL),
('Tim Paslon 1-11', 'Tim Paslon 1-11', 11, 'Tim Paslon 1', 'Tim Paslon 1', 'Tim Paslon 1', '', 0, 0, NULL),
('Tim Paslon 1-12', 'Tim Paslon 1-12', 12, 'Tim Paslon 1', 'Tim Paslon 1', 'Tim Paslon 1', '', 0, 0, NULL),
('Tim Paslon 1-13', 'Tim Paslon 1-13', 13, 'Tim Paslon 1', 'Tim Paslon 1', 'Tim Paslon 1', '', 0, 0, NULL),
('Tim Paslon 1-14', 'Tim Paslon 1-14', 14, 'Tim Paslon 1', 'Tim Paslon 1', 'Tim Paslon 1', '', 0, 0, NULL),
('Tim Paslon 1-15', 'Tim Paslon 1-15', 15, 'Tim Paslon 1', 'Tim Paslon 1', 'Tim Paslon 1', '', 0, 0, NULL),
('Tim Paslon 1-16', 'Tim Paslon 1-16', 16, 'Tim Paslon 1', 'Tim Paslon 1', 'Tim Paslon 1', '', 0, 0, NULL),
('Tim Paslon 1-17', 'Tim Paslon 1-17', 17, 'Tim Paslon 1', 'Tim Paslon 1', 'Tim Paslon 1', '', 0, 0, NULL),
('Tim Paslon 1-18', 'Tim Paslon 1-18', 18, 'Tim Paslon 1', 'Tim Paslon 1', 'Tim Paslon 1', '', 0, 0, NULL),
('Tim Paslon 1-19', 'Tim Paslon 1-19', 19, 'Tim Paslon 1', 'Tim Paslon 1', 'Tim Paslon 1', '', 0, 0, NULL),
('Tim Paslon 1-2', 'Tim Paslon 1-2', 2, 'Tim Paslon 1', 'Tim Paslon 1', 'Tim Paslon 1', '', 0, 0, NULL),
('Tim Paslon 1-20', 'Tim Paslon 1-20', 20, 'Tim Paslon 1', 'Tim Paslon 1', 'Tim Paslon 1', '', 0, 0, NULL),
('Tim Paslon 1-21', 'Tim Paslon 1-21', 21, 'Tim Paslon 1', 'Tim Paslon 1', 'Tim Paslon 1', '', 0, 0, NULL),
('Tim Paslon 1-22', 'Tim Paslon 1-22', 22, 'Tim Paslon 1', 'Tim Paslon 1', 'Tim Paslon 1', '', 0, 0, NULL),
('Tim Paslon 1-23', 'Tim Paslon 1-23', 23, 'Tim Paslon 1', 'Tim Paslon 1', 'Tim Paslon 1', '', 0, 0, NULL),
('Tim Paslon 1-24', 'Tim Paslon 1-24', 24, 'Tim Paslon 1', 'Tim Paslon 1', 'Tim Paslon 1', '', 0, 0, NULL),
('Tim Paslon 1-25', 'Tim Paslon 1-25', 25, 'Tim Paslon 1', 'Tim Paslon 1', 'Tim Paslon 1', '', 0, 0, NULL),
('Tim Paslon 1-26', 'Tim Paslon 1-26', 26, 'Tim Paslon 1', 'Tim Paslon 1', 'Tim Paslon 1', '', 0, 0, NULL),
('Tim Paslon 1-27', 'Tim Paslon 1-27', 27, 'Tim Paslon 1', 'Tim Paslon 1', 'Tim Paslon 1', '', 0, 0, NULL),
('Tim Paslon 1-28', 'Tim Paslon 1-28', 28, 'Tim Paslon 1', 'Tim Paslon 1', 'Tim Paslon 1', '', 0, 0, NULL),
('Tim Paslon 1-29', 'Tim Paslon 1-29', 29, 'Tim Paslon 1', 'Tim Paslon 1', 'Tim Paslon 1', '', 0, 0, NULL),
('Tim Paslon 1-3', 'Tim Paslon 1-3', 3, 'Tim Paslon 1', 'Tim Paslon 1', 'Tim Paslon 1', '', 0, 0, NULL),
('Tim Paslon 1-30', 'Tim Paslon 1-30', 30, 'Tim Paslon 1', 'Tim Paslon 1', 'Tim Paslon 1', '', 0, 0, NULL),
('Tim Paslon 1-31', 'Tim Paslon 1-31', 31, 'Tim Paslon 1', 'Tim Paslon 1', 'Tim Paslon 1', '', 0, 0, NULL),
('Tim Paslon 1-32', 'Tim Paslon 1-32', 32, 'Tim Paslon 1', 'Tim Paslon 1', 'Tim Paslon 1', '', 0, 0, NULL),
('Tim Paslon 1-33', 'Tim Paslon 1-33', 33, 'Tim Paslon 1', 'Tim Paslon 1', 'Tim Paslon 1', '', 0, 0, NULL),
('Tim Paslon 1-34', 'Tim Paslon 1-34', 34, 'Tim Paslon 1', 'Tim Paslon 1', 'Tim Paslon 1', '', 0, 0, NULL),
('Tim Paslon 1-35', 'Tim Paslon 1-35', 35, 'Tim Paslon 1', 'Tim Paslon 1', 'Tim Paslon 1', '', 0, 0, NULL),
('Tim Paslon 1-36', 'Tim Paslon 1-36', 36, 'Tim Paslon 1', 'Tim Paslon 1', 'Tim Paslon 1', '', 0, 0, NULL),
('Tim Paslon 1-37', 'Tim Paslon 1-37', 37, 'Tim Paslon 1', 'Tim Paslon 1', 'Tim Paslon 1', '', 0, 0, NULL),
('Tim Paslon 1-38', 'Tim Paslon 1-38', 38, 'Tim Paslon 1', 'Tim Paslon 1', 'Tim Paslon 1', '', 0, 0, NULL),
('Tim Paslon 1-39', 'Tim Paslon 1-39', 39, 'Tim Paslon 1', 'Tim Paslon 1', 'Tim Paslon 1', '', 0, 0, NULL),
('Tim Paslon 1-4', 'Tim Paslon 1-4', 4, 'Tim Paslon 1', 'Tim Paslon 1', 'Tim Paslon 1', '', 0, 0, NULL),
('Tim Paslon 1-40', 'Tim Paslon 1-40', 40, 'Tim Paslon 1', 'Tim Paslon 1', 'Tim Paslon 1', '', 0, 0, NULL),
('Tim Paslon 1-41', 'Tim Paslon 1-41', 41, 'Tim Paslon 1', 'Tim Paslon 1', 'Tim Paslon 1', '', 0, 0, NULL),
('Tim Paslon 1-42', 'Tim Paslon 1-42', 42, 'Tim Paslon 1', 'Tim Paslon 1', 'Tim Paslon 1', '', 0, 0, NULL),
('Tim Paslon 1-43', 'Tim Paslon 1-43', 43, 'Tim Paslon 1', 'Tim Paslon 1', 'Tim Paslon 1', '', 0, 0, NULL),
('Tim Paslon 1-44', 'Tim Paslon 1-44', 44, 'Tim Paslon 1', 'Tim Paslon 1', 'Tim Paslon 1', '', 0, 0, NULL),
('Tim Paslon 1-45', 'Tim Paslon 1-45', 45, 'Tim Paslon 1', 'Tim Paslon 1', 'Tim Paslon 1', '', 0, 0, NULL),
('Tim Paslon 1-46', 'Tim Paslon 1-46', 46, 'Tim Paslon 1', 'Tim Paslon 1', 'Tim Paslon 1', '', 0, 0, NULL),
('Tim Paslon 1-47', 'Tim Paslon 1-47', 47, 'Tim Paslon 1', 'Tim Paslon 1', 'Tim Paslon 1', '', 0, 0, NULL),
('Tim Paslon 1-48', 'Tim Paslon 1-48', 48, 'Tim Paslon 1', 'Tim Paslon 1', 'Tim Paslon 1', '', 0, 0, NULL),
('Tim Paslon 1-49', 'Tim Paslon 1-49', 49, 'Tim Paslon 1', 'Tim Paslon 1', 'Tim Paslon 1', '', 0, 0, NULL),
('Tim Paslon 1-5', 'Tim Paslon 1-5', 5, 'Tim Paslon 1', 'Tim Paslon 1', 'Tim Paslon 1', '', 0, 0, NULL),
('Tim Paslon 1-50', 'Tim Paslon 1-50', 50, 'Tim Paslon 1', 'Tim Paslon 1', 'Tim Paslon 1', '', 0, 0, NULL),
('Tim Paslon 1-51', 'Tim Paslon 1-51', 51, 'Tim Paslon 1', 'Tim Paslon 1', 'Tim Paslon 1', '', 0, 0, NULL),
('Tim Paslon 1-52', 'Tim Paslon 1-52', 52, 'Tim Paslon 1', 'Tim Paslon 1', 'Tim Paslon 1', '', 0, 0, NULL),
('Tim Paslon 1-53', 'Tim Paslon 1-53', 53, 'Tim Paslon 1', 'Tim Paslon 1', 'Tim Paslon 1', '', 0, 0, NULL),
('Tim Paslon 1-54', 'Tim Paslon 1-54', 54, 'Tim Paslon 1', 'Tim Paslon 1', 'Tim Paslon 1', '', 0, 0, NULL),
('Tim Paslon 1-55', 'Tim Paslon 1-55', 55, 'Tim Paslon 1', 'Tim Paslon 1', 'Tim Paslon 1', '', 0, 0, NULL),
('Tim Paslon 1-56', 'Tim Paslon 1-56', 56, 'Tim Paslon 1', 'Tim Paslon 1', 'Tim Paslon 1', '', 0, 0, NULL),
('Tim Paslon 1-57', 'Tim Paslon 1-57', 57, 'Tim Paslon 1', 'Tim Paslon 1', 'Tim Paslon 1', '', 0, 0, NULL),
('Tim Paslon 1-58', 'Tim Paslon 1-58', 58, 'Tim Paslon 1', 'Tim Paslon 1', 'Tim Paslon 1', '', 0, 0, NULL),
('Tim Paslon 1-59', 'Tim Paslon 1-59', 59, 'Tim Paslon 1', 'Tim Paslon 1', 'Tim Paslon 1', '', 0, 0, NULL),
('Tim Paslon 1-6', 'Tim Paslon 1-6', 6, 'Tim Paslon 1', 'Tim Paslon 1', 'Tim Paslon 1', '', 0, 0, NULL),
('Tim Paslon 1-60', 'Tim Paslon 1-60', 60, 'Tim Paslon 1', 'Tim Paslon 1', 'Tim Paslon 1', '', 0, 0, NULL),
('Tim Paslon 1-61', 'Tim Paslon 1-61', 61, 'Tim Paslon 1', 'Tim Paslon 1', 'Tim Paslon 1', '', 0, 0, NULL),
('Tim Paslon 1-62', 'Tim Paslon 1-62', 62, 'Tim Paslon 1', 'Tim Paslon 1', 'Tim Paslon 1', '', 0, 0, NULL),
('Tim Paslon 1-63', 'Tim Paslon 1-63', 63, 'Tim Paslon 1', 'Tim Paslon 1', 'Tim Paslon 1', '', 0, 0, NULL),
('Tim Paslon 1-64', 'Tim Paslon 1-64', 64, 'Tim Paslon 1', 'Tim Paslon 1', 'Tim Paslon 1', '', 0, 0, NULL),
('Tim Paslon 1-65', 'Tim Paslon 1-65', 65, 'Tim Paslon 1', 'Tim Paslon 1', 'Tim Paslon 1', '', 0, 0, NULL),
('Tim Paslon 1-66', 'Tim Paslon 1-66', 66, 'Tim Paslon 1', 'Tim Paslon 1', 'Tim Paslon 1', '', 0, 0, NULL),
('Tim Paslon 1-67', 'Tim Paslon 1-67', 67, 'Tim Paslon 1', 'Tim Paslon 1', 'Tim Paslon 1', '', 0, 0, NULL),
('Tim Paslon 1-68', 'Tim Paslon 1-68', 68, 'Tim Paslon 1', 'Tim Paslon 1', 'Tim Paslon 1', '', 0, 0, NULL),
('Tim Paslon 1-69', 'Tim Paslon 1-69', 69, 'Tim Paslon 1', 'Tim Paslon 1', 'Tim Paslon 1', '', 0, 0, NULL),
('Tim Paslon 1-7', 'Tim Paslon 1-7', 7, 'Tim Paslon 1', 'Tim Paslon 1', 'Tim Paslon 1', '', 0, 0, NULL),
('Tim Paslon 1-70', 'Tim Paslon 1-70', 70, 'Tim Paslon 1', 'Tim Paslon 1', 'Tim Paslon 1', '', 0, 0, NULL),
('Tim Paslon 1-71', 'Tim Paslon 1-71', 71, 'Tim Paslon 1', 'Tim Paslon 1', 'Tim Paslon 1', '', 0, 0, NULL),
('Tim Paslon 1-72', 'Tim Paslon 1-72', 72, 'Tim Paslon 1', 'Tim Paslon 1', 'Tim Paslon 1', '', 0, 0, NULL),
('Tim Paslon 1-73', 'Tim Paslon 1-73', 73, 'Tim Paslon 1', 'Tim Paslon 1', 'Tim Paslon 1', '', 0, 0, NULL),
('Tim Paslon 1-74', 'Tim Paslon 1-74', 74, 'Tim Paslon 1', 'Tim Paslon 1', 'Tim Paslon 1', '', 0, 0, NULL),
('Tim Paslon 1-75', 'Tim Paslon 1-75', 75, 'Tim Paslon 1', 'Tim Paslon 1', 'Tim Paslon 1', '', 0, 0, NULL),
('Tim Paslon 1-8', 'Tim Paslon 1-8', 8, 'Tim Paslon 1', 'Tim Paslon 1', 'Tim Paslon 1', '', 0, 0, NULL),
('Tim Paslon 1-9', 'Tim Paslon 1-9', 9, 'Tim Paslon 1', 'Tim Paslon 1', 'Tim Paslon 1', '', 0, 0, NULL),
('Tim Paslon 2-1', 'Tim Paslon 2-1', 1, 'Tim Paslon 2', 'Tim Paslon 2', 'Tim Paslon 2', '', 0, 0, NULL),
('Tim Paslon 2-10', 'Tim Paslon 2-10', 10, 'Tim Paslon 2', 'Tim Paslon 2', 'Tim Paslon 2', '', 0, 0, NULL),
('Tim Paslon 2-11', 'Tim Paslon 2-11', 11, 'Tim Paslon 2', 'Tim Paslon 2', 'Tim Paslon 2', '', 0, 0, NULL),
('Tim Paslon 2-12', 'Tim Paslon 2-12', 12, 'Tim Paslon 2', 'Tim Paslon 2', 'Tim Paslon 2', '', 0, 0, NULL),
('Tim Paslon 2-13', 'Tim Paslon 2-13', 13, 'Tim Paslon 2', 'Tim Paslon 2', 'Tim Paslon 2', '', 0, 0, NULL),
('Tim Paslon 2-14', 'Tim Paslon 2-14', 14, 'Tim Paslon 2', 'Tim Paslon 2', 'Tim Paslon 2', '', 0, 0, NULL),
('Tim Paslon 2-15', 'Tim Paslon 2-15', 15, 'Tim Paslon 2', 'Tim Paslon 2', 'Tim Paslon 2', '', 0, 0, NULL),
('Tim Paslon 2-16', 'Tim Paslon 2-16', 16, 'Tim Paslon 2', 'Tim Paslon 2', 'Tim Paslon 2', '', 0, 0, NULL),
('Tim Paslon 2-17', 'Tim Paslon 2-17', 17, 'Tim Paslon 2', 'Tim Paslon 2', 'Tim Paslon 2', '', 0, 0, NULL),
('Tim Paslon 2-18', 'Tim Paslon 2-18', 18, 'Tim Paslon 2', 'Tim Paslon 2', 'Tim Paslon 2', '', 0, 0, NULL),
('Tim Paslon 2-19', 'Tim Paslon 2-19', 19, 'Tim Paslon 2', 'Tim Paslon 2', 'Tim Paslon 2', '', 0, 0, NULL),
('Tim Paslon 2-2', 'Tim Paslon 2-2', 2, 'Tim Paslon 2', 'Tim Paslon 2', 'Tim Paslon 2', '', 0, 0, NULL),
('Tim Paslon 2-20', 'Tim Paslon 2-20', 20, 'Tim Paslon 2', 'Tim Paslon 2', 'Tim Paslon 2', '', 0, 0, NULL),
('Tim Paslon 2-21', 'Tim Paslon 2-21', 21, 'Tim Paslon 2', 'Tim Paslon 2', 'Tim Paslon 2', '', 0, 0, NULL),
('Tim Paslon 2-22', 'Tim Paslon 2-22', 22, 'Tim Paslon 2', 'Tim Paslon 2', 'Tim Paslon 2', '', 0, 0, NULL),
('Tim Paslon 2-23', 'Tim Paslon 2-23', 23, 'Tim Paslon 2', 'Tim Paslon 2', 'Tim Paslon 2', '', 0, 0, NULL),
('Tim Paslon 2-24', 'Tim Paslon 2-24', 24, 'Tim Paslon 2', 'Tim Paslon 2', 'Tim Paslon 2', '', 0, 0, NULL),
('Tim Paslon 2-25', 'Tim Paslon 2-25', 25, 'Tim Paslon 2', 'Tim Paslon 2', 'Tim Paslon 2', '', 0, 0, NULL),
('Tim Paslon 2-26', 'Tim Paslon 2-26', 26, 'Tim Paslon 2', 'Tim Paslon 2', 'Tim Paslon 2', '', 0, 0, NULL),
('Tim Paslon 2-27', 'Tim Paslon 2-27', 27, 'Tim Paslon 2', 'Tim Paslon 2', 'Tim Paslon 2', '', 0, 0, NULL),
('Tim Paslon 2-28', 'Tim Paslon 2-28', 28, 'Tim Paslon 2', 'Tim Paslon 2', 'Tim Paslon 2', '', 0, 0, NULL),
('Tim Paslon 2-29', 'Tim Paslon 2-29', 29, 'Tim Paslon 2', 'Tim Paslon 2', 'Tim Paslon 2', '', 0, 0, NULL),
('Tim Paslon 2-3', 'Tim Paslon 2-3', 3, 'Tim Paslon 2', 'Tim Paslon 2', 'Tim Paslon 2', '', 0, 0, NULL),
('Tim Paslon 2-30', 'Tim Paslon 2-30', 30, 'Tim Paslon 2', 'Tim Paslon 2', 'Tim Paslon 2', '', 0, 0, NULL),
('Tim Paslon 2-31', 'Tim Paslon 2-31', 31, 'Tim Paslon 2', 'Tim Paslon 2', 'Tim Paslon 2', '', 0, 0, NULL),
('Tim Paslon 2-32', 'Tim Paslon 2-32', 32, 'Tim Paslon 2', 'Tim Paslon 2', 'Tim Paslon 2', '', 0, 0, NULL),
('Tim Paslon 2-33', 'Tim Paslon 2-33', 33, 'Tim Paslon 2', 'Tim Paslon 2', 'Tim Paslon 2', '', 0, 0, NULL),
('Tim Paslon 2-34', 'Tim Paslon 2-34', 34, 'Tim Paslon 2', 'Tim Paslon 2', 'Tim Paslon 2', '', 0, 0, NULL),
('Tim Paslon 2-35', 'Tim Paslon 2-35', 35, 'Tim Paslon 2', 'Tim Paslon 2', 'Tim Paslon 2', '', 0, 0, NULL),
('Tim Paslon 2-36', 'Tim Paslon 2-36', 36, 'Tim Paslon 2', 'Tim Paslon 2', 'Tim Paslon 2', '', 0, 0, NULL),
('Tim Paslon 2-37', 'Tim Paslon 2-37', 37, 'Tim Paslon 2', 'Tim Paslon 2', 'Tim Paslon 2', '', 0, 0, NULL),
('Tim Paslon 2-38', 'Tim Paslon 2-38', 38, 'Tim Paslon 2', 'Tim Paslon 2', 'Tim Paslon 2', '', 0, 0, NULL),
('Tim Paslon 2-39', 'Tim Paslon 2-39', 39, 'Tim Paslon 2', 'Tim Paslon 2', 'Tim Paslon 2', '', 0, 0, NULL),
('Tim Paslon 2-4', 'Tim Paslon 2-4', 4, 'Tim Paslon 2', 'Tim Paslon 2', 'Tim Paslon 2', '', 0, 0, NULL),
('Tim Paslon 2-40', 'Tim Paslon 2-40', 40, 'Tim Paslon 2', 'Tim Paslon 2', 'Tim Paslon 2', '', 0, 0, NULL),
('Tim Paslon 2-41', 'Tim Paslon 2-41', 41, 'Tim Paslon 2', 'Tim Paslon 2', 'Tim Paslon 2', '', 0, 0, NULL),
('Tim Paslon 2-42', 'Tim Paslon 2-42', 42, 'Tim Paslon 2', 'Tim Paslon 2', 'Tim Paslon 2', '', 0, 0, NULL),
('Tim Paslon 2-43', 'Tim Paslon 2-43', 43, 'Tim Paslon 2', 'Tim Paslon 2', 'Tim Paslon 2', '', 0, 0, NULL),
('Tim Paslon 2-44', 'Tim Paslon 2-44', 44, 'Tim Paslon 2', 'Tim Paslon 2', 'Tim Paslon 2', '', 0, 0, NULL),
('Tim Paslon 2-45', 'Tim Paslon 2-45', 45, 'Tim Paslon 2', 'Tim Paslon 2', 'Tim Paslon 2', '', 0, 0, NULL),
('Tim Paslon 2-46', 'Tim Paslon 2-46', 46, 'Tim Paslon 2', 'Tim Paslon 2', 'Tim Paslon 2', '', 0, 0, NULL),
('Tim Paslon 2-47', 'Tim Paslon 2-47', 47, 'Tim Paslon 2', 'Tim Paslon 2', 'Tim Paslon 2', '', 0, 0, NULL),
('Tim Paslon 2-48', 'Tim Paslon 2-48', 48, 'Tim Paslon 2', 'Tim Paslon 2', 'Tim Paslon 2', '', 0, 0, NULL),
('Tim Paslon 2-49', 'Tim Paslon 2-49', 49, 'Tim Paslon 2', 'Tim Paslon 2', 'Tim Paslon 2', '', 0, 0, NULL),
('Tim Paslon 2-5', 'Tim Paslon 2-5', 5, 'Tim Paslon 2', 'Tim Paslon 2', 'Tim Paslon 2', '', 0, 0, NULL),
('Tim Paslon 2-50', 'Tim Paslon 2-50', 50, 'Tim Paslon 2', 'Tim Paslon 2', 'Tim Paslon 2', '', 0, 0, NULL),
('Tim Paslon 2-51', 'Tim Paslon 2-51', 51, 'Tim Paslon 2', 'Tim Paslon 2', 'Tim Paslon 2', '', 0, 0, NULL),
('Tim Paslon 2-52', 'Tim Paslon 2-52', 52, 'Tim Paslon 2', 'Tim Paslon 2', 'Tim Paslon 2', '', 0, 0, NULL),
('Tim Paslon 2-53', 'Tim Paslon 2-53', 53, 'Tim Paslon 2', 'Tim Paslon 2', 'Tim Paslon 2', '', 0, 0, NULL),
('Tim Paslon 2-54', 'Tim Paslon 2-54', 54, 'Tim Paslon 2', 'Tim Paslon 2', 'Tim Paslon 2', '', 0, 0, NULL),
('Tim Paslon 2-55', 'Tim Paslon 2-55', 55, 'Tim Paslon 2', 'Tim Paslon 2', 'Tim Paslon 2', '', 0, 0, NULL),
('Tim Paslon 2-56', 'Tim Paslon 2-56', 56, 'Tim Paslon 2', 'Tim Paslon 2', 'Tim Paslon 2', '', 0, 0, NULL),
('Tim Paslon 2-57', 'Tim Paslon 2-57', 57, 'Tim Paslon 2', 'Tim Paslon 2', 'Tim Paslon 2', '', 0, 0, NULL),
('Tim Paslon 2-58', 'Tim Paslon 2-58', 58, 'Tim Paslon 2', 'Tim Paslon 2', 'Tim Paslon 2', '', 0, 0, NULL),
('Tim Paslon 2-59', 'Tim Paslon 2-59', 59, 'Tim Paslon 2', 'Tim Paslon 2', 'Tim Paslon 2', '', 0, 0, NULL),
('Tim Paslon 2-6', 'Tim Paslon 2-6', 6, 'Tim Paslon 2', 'Tim Paslon 2', 'Tim Paslon 2', '', 0, 0, NULL),
('Tim Paslon 2-60', 'Tim Paslon 2-60', 60, 'Tim Paslon 2', 'Tim Paslon 2', 'Tim Paslon 2', '', 0, 0, NULL),
('Tim Paslon 2-61', 'Tim Paslon 2-61', 61, 'Tim Paslon 2', 'Tim Paslon 2', 'Tim Paslon 2', '', 0, 0, NULL),
('Tim Paslon 2-62', 'Tim Paslon 2-62', 62, 'Tim Paslon 2', 'Tim Paslon 2', 'Tim Paslon 2', '', 0, 0, NULL),
('Tim Paslon 2-63', 'Tim Paslon 2-63', 63, 'Tim Paslon 2', 'Tim Paslon 2', 'Tim Paslon 2', '', 0, 0, NULL),
('Tim Paslon 2-64', 'Tim Paslon 2-64', 64, 'Tim Paslon 2', 'Tim Paslon 2', 'Tim Paslon 2', '', 0, 0, NULL),
('Tim Paslon 2-65', 'Tim Paslon 2-65', 65, 'Tim Paslon 2', 'Tim Paslon 2', 'Tim Paslon 2', '', 0, 0, NULL),
('Tim Paslon 2-66', 'Tim Paslon 2-66', 66, 'Tim Paslon 2', 'Tim Paslon 2', 'Tim Paslon 2', '', 0, 0, NULL),
('Tim Paslon 2-67', 'Tim Paslon 2-67', 67, 'Tim Paslon 2', 'Tim Paslon 2', 'Tim Paslon 2', '', 0, 0, NULL),
('Tim Paslon 2-68', 'Tim Paslon 2-68', 68, 'Tim Paslon 2', 'Tim Paslon 2', 'Tim Paslon 2', '', 0, 0, NULL),
('Tim Paslon 2-69', 'Tim Paslon 2-69', 69, 'Tim Paslon 2', 'Tim Paslon 2', 'Tim Paslon 2', '', 0, 0, NULL),
('Tim Paslon 2-7', 'Tim Paslon 2-7', 7, 'Tim Paslon 2', 'Tim Paslon 2', 'Tim Paslon 2', '', 0, 0, NULL),
('Tim Paslon 2-70', 'Tim Paslon 2-70', 70, 'Tim Paslon 2', 'Tim Paslon 2', 'Tim Paslon 2', '', 0, 0, NULL),
('Tim Paslon 2-71', 'Tim Paslon 2-71', 71, 'Tim Paslon 2', 'Tim Paslon 2', 'Tim Paslon 2', '', 0, 0, NULL),
('Tim Paslon 2-72', 'Tim Paslon 2-72', 72, 'Tim Paslon 2', 'Tim Paslon 2', 'Tim Paslon 2', '', 0, 0, NULL),
('Tim Paslon 2-73', 'Tim Paslon 2-73', 73, 'Tim Paslon 2', 'Tim Paslon 2', 'Tim Paslon 2', '', 0, 0, NULL),
('Tim Paslon 2-74', 'Tim Paslon 2-74', 74, 'Tim Paslon 2', 'Tim Paslon 2', 'Tim Paslon 2', '', 0, 0, NULL),
('Tim Paslon 2-75', 'Tim Paslon 2-75', 75, 'Tim Paslon 2', 'Tim Paslon 2', 'Tim Paslon 2', '', 0, 0, NULL),
('Tim Paslon 2-8', 'Tim Paslon 2-8', 8, 'Tim Paslon 2', 'Tim Paslon 2', 'Tim Paslon 2', '', 0, 0, NULL),
('Tim Paslon 2-9', 'Tim Paslon 2-9', 9, 'Tim Paslon 2', 'Tim Paslon 2', 'Tim Paslon 2', '', 0, 0, NULL),
('Tim Paslon 3-1', 'Tim Paslon 3-1', 1, 'Tim Paslon 3', 'Tim Paslon 3', 'Tim Paslon 3', '', 0, 0, NULL),
('Tim Paslon 3-10', 'Tim Paslon 3-10', 10, 'Tim Paslon 3', 'Tim Paslon 3', 'Tim Paslon 3', '', 0, 0, NULL),
('Tim Paslon 3-11', 'Tim Paslon 3-11', 11, 'Tim Paslon 3', 'Tim Paslon 3', 'Tim Paslon 3', '', 0, 0, NULL),
('Tim Paslon 3-12', 'Tim Paslon 3-12', 12, 'Tim Paslon 3', 'Tim Paslon 3', 'Tim Paslon 3', '', 0, 0, NULL),
('Tim Paslon 3-13', 'Tim Paslon 3-13', 13, 'Tim Paslon 3', 'Tim Paslon 3', 'Tim Paslon 3', '', 0, 0, NULL),
('Tim Paslon 3-14', 'Tim Paslon 3-14', 14, 'Tim Paslon 3', 'Tim Paslon 3', 'Tim Paslon 3', '', 0, 0, NULL),
('Tim Paslon 3-15', 'Tim Paslon 3-15', 15, 'Tim Paslon 3', 'Tim Paslon 3', 'Tim Paslon 3', '', 0, 0, NULL),
('Tim Paslon 3-16', 'Tim Paslon 3-16', 16, 'Tim Paslon 3', 'Tim Paslon 3', 'Tim Paslon 3', '', 0, 0, NULL),
('Tim Paslon 3-17', 'Tim Paslon 3-17', 17, 'Tim Paslon 3', 'Tim Paslon 3', 'Tim Paslon 3', '', 0, 0, NULL),
('Tim Paslon 3-18', 'Tim Paslon 3-18', 18, 'Tim Paslon 3', 'Tim Paslon 3', 'Tim Paslon 3', '', 0, 0, NULL),
('Tim Paslon 3-19', 'Tim Paslon 3-19', 19, 'Tim Paslon 3', 'Tim Paslon 3', 'Tim Paslon 3', '', 0, 0, NULL),
('Tim Paslon 3-2', 'Tim Paslon 3-2', 2, 'Tim Paslon 3', 'Tim Paslon 3', 'Tim Paslon 3', '', 0, 0, NULL),
('Tim Paslon 3-20', 'Tim Paslon 3-20', 20, 'Tim Paslon 3', 'Tim Paslon 3', 'Tim Paslon 3', '', 0, 0, NULL),
('Tim Paslon 3-21', 'Tim Paslon 3-21', 21, 'Tim Paslon 3', 'Tim Paslon 3', 'Tim Paslon 3', '', 0, 0, NULL),
('Tim Paslon 3-22', 'Tim Paslon 3-22', 22, 'Tim Paslon 3', 'Tim Paslon 3', 'Tim Paslon 3', '', 0, 0, NULL),
('Tim Paslon 3-23', 'Tim Paslon 3-23', 23, 'Tim Paslon 3', 'Tim Paslon 3', 'Tim Paslon 3', '', 0, 0, NULL),
('Tim Paslon 3-24', 'Tim Paslon 3-24', 24, 'Tim Paslon 3', 'Tim Paslon 3', 'Tim Paslon 3', '', 0, 0, NULL),
('Tim Paslon 3-25', 'Tim Paslon 3-25', 25, 'Tim Paslon 3', 'Tim Paslon 3', 'Tim Paslon 3', '', 0, 0, NULL),
('Tim Paslon 3-26', 'Tim Paslon 3-26', 26, 'Tim Paslon 3', 'Tim Paslon 3', 'Tim Paslon 3', '', 0, 0, NULL),
('Tim Paslon 3-27', 'Tim Paslon 3-27', 27, 'Tim Paslon 3', 'Tim Paslon 3', 'Tim Paslon 3', '', 0, 0, NULL),
('Tim Paslon 3-28', 'Tim Paslon 3-28', 28, 'Tim Paslon 3', 'Tim Paslon 3', 'Tim Paslon 3', '', 0, 0, NULL),
('Tim Paslon 3-29', 'Tim Paslon 3-29', 29, 'Tim Paslon 3', 'Tim Paslon 3', 'Tim Paslon 3', '', 0, 0, NULL),
('Tim Paslon 3-3', 'Tim Paslon 3-3', 3, 'Tim Paslon 3', 'Tim Paslon 3', 'Tim Paslon 3', '', 0, 0, NULL),
('Tim Paslon 3-30', 'Tim Paslon 3-30', 30, 'Tim Paslon 3', 'Tim Paslon 3', 'Tim Paslon 3', '', 0, 0, NULL),
('Tim Paslon 3-31', 'Tim Paslon 3-31', 31, 'Tim Paslon 3', 'Tim Paslon 3', 'Tim Paslon 3', '', 0, 0, NULL),
('Tim Paslon 3-32', 'Tim Paslon 3-32', 32, 'Tim Paslon 3', 'Tim Paslon 3', 'Tim Paslon 3', '', 0, 0, NULL),
('Tim Paslon 3-33', 'Tim Paslon 3-33', 33, 'Tim Paslon 3', 'Tim Paslon 3', 'Tim Paslon 3', '', 0, 0, NULL),
('Tim Paslon 3-34', 'Tim Paslon 3-34', 34, 'Tim Paslon 3', 'Tim Paslon 3', 'Tim Paslon 3', '', 0, 0, NULL),
('Tim Paslon 3-35', 'Tim Paslon 3-35', 35, 'Tim Paslon 3', 'Tim Paslon 3', 'Tim Paslon 3', '', 0, 0, NULL),
('Tim Paslon 3-36', 'Tim Paslon 3-36', 36, 'Tim Paslon 3', 'Tim Paslon 3', 'Tim Paslon 3', '', 0, 0, NULL),
('Tim Paslon 3-37', 'Tim Paslon 3-37', 37, 'Tim Paslon 3', 'Tim Paslon 3', 'Tim Paslon 3', '', 0, 0, NULL),
('Tim Paslon 3-38', 'Tim Paslon 3-38', 38, 'Tim Paslon 3', 'Tim Paslon 3', 'Tim Paslon 3', '', 0, 0, NULL),
('Tim Paslon 3-39', 'Tim Paslon 3-39', 39, 'Tim Paslon 3', 'Tim Paslon 3', 'Tim Paslon 3', '', 0, 0, NULL),
('Tim Paslon 3-4', 'Tim Paslon 3-4', 4, 'Tim Paslon 3', 'Tim Paslon 3', 'Tim Paslon 3', '', 0, 0, NULL),
('Tim Paslon 3-40', 'Tim Paslon 3-40', 40, 'Tim Paslon 3', 'Tim Paslon 3', 'Tim Paslon 3', '', 0, 0, NULL),
('Tim Paslon 3-41', 'Tim Paslon 3-41', 41, 'Tim Paslon 3', 'Tim Paslon 3', 'Tim Paslon 3', '', 0, 0, NULL),
('Tim Paslon 3-42', 'Tim Paslon 3-42', 42, 'Tim Paslon 3', 'Tim Paslon 3', 'Tim Paslon 3', '', 0, 0, NULL),
('Tim Paslon 3-43', 'Tim Paslon 3-43', 43, 'Tim Paslon 3', 'Tim Paslon 3', 'Tim Paslon 3', '', 0, 0, NULL),
('Tim Paslon 3-44', 'Tim Paslon 3-44', 44, 'Tim Paslon 3', 'Tim Paslon 3', 'Tim Paslon 3', '', 0, 0, NULL),
('Tim Paslon 3-45', 'Tim Paslon 3-45', 45, 'Tim Paslon 3', 'Tim Paslon 3', 'Tim Paslon 3', '', 0, 0, NULL),
('Tim Paslon 3-46', 'Tim Paslon 3-46', 46, 'Tim Paslon 3', 'Tim Paslon 3', 'Tim Paslon 3', '', 0, 0, NULL),
('Tim Paslon 3-47', 'Tim Paslon 3-47', 47, 'Tim Paslon 3', 'Tim Paslon 3', 'Tim Paslon 3', '', 0, 0, NULL),
('Tim Paslon 3-48', 'Tim Paslon 3-48', 48, 'Tim Paslon 3', 'Tim Paslon 3', 'Tim Paslon 3', '', 0, 0, NULL),
('Tim Paslon 3-49', 'Tim Paslon 3-49', 49, 'Tim Paslon 3', 'Tim Paslon 3', 'Tim Paslon 3', '', 0, 0, NULL),
('Tim Paslon 3-5', 'Tim Paslon 3-5', 5, 'Tim Paslon 3', 'Tim Paslon 3', 'Tim Paslon 3', '', 0, 0, NULL),
('Tim Paslon 3-50', 'Tim Paslon 3-50', 50, 'Tim Paslon 3', 'Tim Paslon 3', 'Tim Paslon 3', '', 0, 0, NULL),
('Tim Paslon 3-51', 'Tim Paslon 3-51', 51, 'Tim Paslon 3', 'Tim Paslon 3', 'Tim Paslon 3', '', 0, 0, NULL),
('Tim Paslon 3-52', 'Tim Paslon 3-52', 52, 'Tim Paslon 3', 'Tim Paslon 3', 'Tim Paslon 3', '', 0, 0, NULL),
('Tim Paslon 3-53', 'Tim Paslon 3-53', 53, 'Tim Paslon 3', 'Tim Paslon 3', 'Tim Paslon 3', '', 0, 0, NULL),
('Tim Paslon 3-54', 'Tim Paslon 3-54', 54, 'Tim Paslon 3', 'Tim Paslon 3', 'Tim Paslon 3', '', 0, 0, NULL),
('Tim Paslon 3-55', 'Tim Paslon 3-55', 55, 'Tim Paslon 3', 'Tim Paslon 3', 'Tim Paslon 3', '', 0, 0, NULL),
('Tim Paslon 3-56', 'Tim Paslon 3-56', 56, 'Tim Paslon 3', 'Tim Paslon 3', 'Tim Paslon 3', '', 0, 0, NULL),
('Tim Paslon 3-57', 'Tim Paslon 3-57', 57, 'Tim Paslon 3', 'Tim Paslon 3', 'Tim Paslon 3', '', 0, 0, NULL),
('Tim Paslon 3-58', 'Tim Paslon 3-58', 58, 'Tim Paslon 3', 'Tim Paslon 3', 'Tim Paslon 3', '', 0, 0, NULL),
('Tim Paslon 3-59', 'Tim Paslon 3-59', 59, 'Tim Paslon 3', 'Tim Paslon 3', 'Tim Paslon 3', '', 0, 0, NULL),
('Tim Paslon 3-6', 'Tim Paslon 3-6', 6, 'Tim Paslon 3', 'Tim Paslon 3', 'Tim Paslon 3', '', 0, 0, NULL),
('Tim Paslon 3-60', 'Tim Paslon 3-60', 60, 'Tim Paslon 3', 'Tim Paslon 3', 'Tim Paslon 3', '', 0, 0, NULL),
('Tim Paslon 3-61', 'Tim Paslon 3-61', 61, 'Tim Paslon 3', 'Tim Paslon 3', 'Tim Paslon 3', '', 0, 0, NULL),
('Tim Paslon 3-62', 'Tim Paslon 3-62', 62, 'Tim Paslon 3', 'Tim Paslon 3', 'Tim Paslon 3', '', 0, 0, NULL),
('Tim Paslon 3-63', 'Tim Paslon 3-63', 63, 'Tim Paslon 3', 'Tim Paslon 3', 'Tim Paslon 3', '', 0, 0, NULL),
('Tim Paslon 3-64', 'Tim Paslon 3-64', 64, 'Tim Paslon 3', 'Tim Paslon 3', 'Tim Paslon 3', '', 0, 0, NULL),
('Tim Paslon 3-65', 'Tim Paslon 3-65', 65, 'Tim Paslon 3', 'Tim Paslon 3', 'Tim Paslon 3', '', 0, 0, NULL),
('Tim Paslon 3-66', 'Tim Paslon 3-66', 66, 'Tim Paslon 3', 'Tim Paslon 3', 'Tim Paslon 3', '', 0, 0, NULL),
('Tim Paslon 3-67', 'Tim Paslon 3-67', 67, 'Tim Paslon 3', 'Tim Paslon 3', 'Tim Paslon 3', '', 0, 0, NULL),
('Tim Paslon 3-68', 'Tim Paslon 3-68', 68, 'Tim Paslon 3', 'Tim Paslon 3', 'Tim Paslon 3', '', 0, 0, NULL),
('Tim Paslon 3-69', 'Tim Paslon 3-69', 69, 'Tim Paslon 3', 'Tim Paslon 3', 'Tim Paslon 3', '', 0, 0, NULL),
('Tim Paslon 3-7', 'Tim Paslon 3-7', 7, 'Tim Paslon 3', 'Tim Paslon 3', 'Tim Paslon 3', '', 0, 0, NULL),
('Tim Paslon 3-70', 'Tim Paslon 3-70', 70, 'Tim Paslon 3', 'Tim Paslon 3', 'Tim Paslon 3', '', 0, 0, NULL),
('Tim Paslon 3-71', 'Tim Paslon 3-71', 71, 'Tim Paslon 3', 'Tim Paslon 3', 'Tim Paslon 3', '', 0, 0, NULL),
('Tim Paslon 3-72', 'Tim Paslon 3-72', 72, 'Tim Paslon 3', 'Tim Paslon 3', 'Tim Paslon 3', '', 0, 0, NULL),
('Tim Paslon 3-73', 'Tim Paslon 3-73', 73, 'Tim Paslon 3', 'Tim Paslon 3', 'Tim Paslon 3', '', 0, 0, NULL),
('Tim Paslon 3-74', 'Tim Paslon 3-74', 74, 'Tim Paslon 3', 'Tim Paslon 3', 'Tim Paslon 3', '', 0, 0, NULL),
('Tim Paslon 3-75', 'Tim Paslon 3-75', 75, 'Tim Paslon 3', 'Tim Paslon 3', 'Tim Paslon 3', '', 0, 0, NULL),
('Tim Paslon 3-8', 'Tim Paslon 3-8', 8, 'Tim Paslon 3', 'Tim Paslon 3', 'Tim Paslon 3', '', 0, 0, NULL),
('Tim Paslon 3-9', 'Tim Paslon 3-9', 9, 'Tim Paslon 3', 'Tim Paslon 3', 'Tim Paslon 3', '', 0, 0, NULL),
('Tim Perumus-1', 'Tim Perumus-1', 1, 'Tim Perumus', 'Tim Perumus', 'Tim Perumus', '', 0, 0, NULL),
('Tim Perumus-2', 'Tim Perumus-2', 2, 'Tim Perumus', 'Tim Perumus', 'Tim Perumus', '', 0, 0, NULL),
('Tim Perumus-3', 'Tim Perumus-3', 3, 'Tim Perumus', 'Tim Perumus', 'Tim Perumus', '', 0, 0, NULL),
('Tim Perumus-4', 'Tim Perumus-4', 4, 'Tim Perumus', 'Tim Perumus', 'Tim Perumus', '', 0, 0, NULL),
('Tim Perumus-5', 'Tim Perumus-5', 5, 'Tim Perumus', 'Tim Perumus', 'Tim Perumus', '', 0, 0, NULL),
('Undangan-1', 'Undangan-1', 1, 'Undangan', 'Undangan', 'Undangan', '', 0, 0, NULL),
('Undangan-10', 'Undangan-10', 10, 'Undangan', 'Undangan', 'Undangan', '', 0, 0, NULL),
('Undangan-11', 'Undangan-11', 11, 'Undangan', 'Undangan', 'Undangan', '', 0, 0, NULL),
('Undangan-12', 'Undangan-12', 12, 'Undangan', 'Undangan', 'Undangan', '', 0, 0, NULL),
('Undangan-13', 'Undangan-13', 13, 'Undangan', 'Undangan', 'Undangan', '', 0, 0, NULL),
('Undangan-14', 'Undangan-14', 14, 'Undangan', 'Undangan', 'Undangan', '', 0, 0, NULL),
('Undangan-15', 'Undangan-15', 15, 'Undangan', 'Undangan', 'Undangan', '', 0, 0, NULL),
('Undangan-16', 'Undangan-16', 16, 'Undangan', 'Undangan', 'Undangan', '', 0, 0, NULL),
('Undangan-17', 'Undangan-17', 17, 'Undangan', 'Undangan', 'Undangan', '', 0, 0, NULL),
('Undangan-18', 'Undangan-18', 18, 'Undangan', 'Undangan', 'Undangan', '', 0, 0, NULL),
('Undangan-19', 'Undangan-19', 19, 'Undangan', 'Undangan', 'Undangan', '', 0, 0, NULL),
('Undangan-2', 'Undangan-2', 2, 'Undangan', 'Undangan', 'Undangan', '', 0, 0, NULL),
('Undangan-20', 'Undangan-20', 20, 'Undangan', 'Undangan', 'Undangan', '', 0, 0, NULL),
('Undangan-21', 'Undangan-21', 21, 'Undangan', 'Undangan', 'Undangan', '', 0, 0, NULL),
('Undangan-22', 'Undangan-22', 22, 'Undangan', 'Undangan', 'Undangan', '', 0, 0, NULL),
('Undangan-23', 'Undangan-23', 23, 'Undangan', 'Undangan', 'Undangan', '', 0, 0, NULL),
('Undangan-24', 'Undangan-24', 24, 'Undangan', 'Undangan', 'Undangan', '', 0, 0, NULL),
('Undangan-25', 'Undangan-25', 25, 'Undangan', 'Undangan', 'Undangan', '', 0, 0, NULL),
('Undangan-26', 'Undangan-26', 26, 'Undangan', 'Undangan', 'Undangan', '', 0, 0, NULL),
('Undangan-27', 'Undangan-27', 27, 'Undangan', 'Undangan', 'Undangan', '', 0, 0, NULL),
('Undangan-28', 'Undangan-28', 28, 'Undangan', 'Undangan', 'Undangan', '', 0, 0, NULL),
('Undangan-29', 'Undangan-29', 29, 'Undangan', 'Undangan', 'Undangan', '', 0, 0, NULL),
('Undangan-3', 'Undangan-3', 3, 'Undangan', 'Undangan', 'Undangan', '', 0, 0, NULL),
('Undangan-30', 'Undangan-30', 30, 'Undangan', 'Undangan', 'Undangan', '', 0, 0, NULL),
('Undangan-31', 'Undangan-31', 31, 'Undangan', 'Undangan', 'Undangan', '', 0, 0, NULL),
('Undangan-32', 'Undangan-32', 32, 'Undangan', 'Undangan', 'Undangan', '', 0, 0, NULL),
('Undangan-33', 'Undangan-33', 33, 'Undangan', 'Undangan', 'Undangan', '', 0, 0, NULL),
('Undangan-34', 'Undangan-34', 34, 'Undangan', 'Undangan', 'Undangan', '', 0, 0, NULL),
('Undangan-35', 'Undangan-35', 35, 'Undangan', 'Undangan', 'Undangan', '', 0, 0, NULL),
('Undangan-36', 'Undangan-36', 36, 'Undangan', 'Undangan', 'Undangan', '', 0, 0, NULL),
('Undangan-37', 'Undangan-37', 37, 'Undangan', 'Undangan', 'Undangan', '', 0, 0, NULL),
('Undangan-38', 'Undangan-38', 38, 'Undangan', 'Undangan', 'Undangan', '', 0, 0, NULL),
('Undangan-39', 'Undangan-39', 39, 'Undangan', 'Undangan', 'Undangan', '', 0, 0, NULL),
('Undangan-4', 'Undangan-4', 4, 'Undangan', 'Undangan', 'Undangan', '', 0, 0, NULL),
('Undangan-40', 'Undangan-40', 40, 'Undangan', 'Undangan', 'Undangan', '', 0, 0, NULL),
('Undangan-41', 'Undangan-41', 41, 'Undangan', 'Undangan', 'Undangan', '', 0, 0, NULL),
('Undangan-42', 'Undangan-42', 42, 'Undangan', 'Undangan', 'Undangan', '', 0, 0, NULL),
('Undangan-43', 'Undangan-43', 43, 'Undangan', 'Undangan', 'Undangan', '', 0, 0, NULL),
('Undangan-44', 'Undangan-44', 44, 'Undangan', 'Undangan', 'Undangan', '', 0, 0, NULL),
('Undangan-45', 'Undangan-45', 45, 'Undangan', 'Undangan', 'Undangan', '', 0, 0, NULL),
('Undangan-46', 'Undangan-46', 46, 'Undangan', 'Undangan', 'Undangan', '', 0, 0, NULL),
('Undangan-47', 'Undangan-47', 47, 'Undangan', 'Undangan', 'Undangan', '', 0, 0, NULL),
('Undangan-48', 'Undangan-48', 48, 'Undangan', 'Undangan', 'Undangan', '', 0, 0, NULL),
('Undangan-49', 'Undangan-49', 49, 'Undangan', 'Undangan', 'Undangan', '', 0, 0, NULL),
('Undangan-5', 'Undangan-5', 5, 'Undangan', 'Undangan', 'Undangan', '', 0, 0, NULL),
('Undangan-50', 'Undangan-50', 50, 'Undangan', 'Undangan', 'Undangan', '', 0, 0, NULL),
('Undangan-51', 'Undangan-51', 51, 'Undangan', 'Undangan', 'Undangan', '', 0, 0, NULL),
('Undangan-52', 'Undangan-52', 52, 'Undangan', 'Undangan', 'Undangan', '', 0, 0, NULL),
('Undangan-53', 'Undangan-53', 53, 'Undangan', 'Undangan', 'Undangan', '', 0, 0, NULL),
('Undangan-54', 'Undangan-54', 54, 'Undangan', 'Undangan', 'Undangan', '', 0, 0, NULL),
('Undangan-55', 'Undangan-55', 55, 'Undangan', 'Undangan', 'Undangan', '', 0, 0, NULL),
('Undangan-56', 'Undangan-56', 56, 'Undangan', 'Undangan', 'Undangan', '', 0, 0, NULL),
('Undangan-57', 'Undangan-57', 57, 'Undangan', 'Undangan', 'Undangan', '', 0, 0, NULL),
('Undangan-58', 'Undangan-58', 58, 'Undangan', 'Undangan', 'Undangan', '', 0, 0, NULL),
('Undangan-59', 'Undangan-59', 59, 'Undangan', 'Undangan', 'Undangan', '', 0, 0, NULL),
('Undangan-6', 'Undangan-6', 6, 'Undangan', 'Undangan', 'Undangan', '', 0, 0, NULL),
('Undangan-60', 'Undangan-60', 60, 'Undangan', 'Undangan', 'Undangan', '', 0, 0, NULL),
('Undangan-61', 'Undangan-61', 61, 'Undangan', 'Undangan', 'Undangan', '', 0, 0, NULL),
('Undangan-62', 'Undangan-62', 62, 'Undangan', 'Undangan', 'Undangan', '', 0, 0, NULL),
('Undangan-63', 'Undangan-63', 63, 'Undangan', 'Undangan', 'Undangan', '', 0, 0, NULL),
('Undangan-64', 'Undangan-64', 64, 'Undangan', 'Undangan', 'Undangan', '', 0, 0, NULL),
('Undangan-65', 'Undangan-65', 65, 'Undangan', 'Undangan', 'Undangan', '', 0, 0, NULL),
('Undangan-66', 'Undangan-66', 66, 'Undangan', 'Undangan', 'Undangan', '', 0, 0, NULL),
('Undangan-67', 'Undangan-67', 67, 'Undangan', 'Undangan', 'Undangan', '', 0, 0, NULL),
('Undangan-68', 'Undangan-68', 68, 'Undangan', 'Undangan', 'Undangan', '', 0, 0, NULL),
('Undangan-69', 'Undangan-69', 69, 'Undangan', 'Undangan', 'Undangan', '', 0, 0, NULL),
('Undangan-7', 'Undangan-7', 7, 'Undangan', 'Undangan', 'Undangan', '', 0, 0, NULL),
('Undangan-70', 'Undangan-70', 70, 'Undangan', 'Undangan', 'Undangan', '', 0, 0, NULL),
('Undangan-71', 'Undangan-71', 71, 'Undangan', 'Undangan', 'Undangan', '', 0, 0, NULL),
('Undangan-72', 'Undangan-72', 72, 'Undangan', 'Undangan', 'Undangan', '', 0, 0, NULL),
('Undangan-73', 'Undangan-73', 73, 'Undangan', 'Undangan', 'Undangan', '', 0, 0, NULL),
('Undangan-74', 'Undangan-74', 74, 'Undangan', 'Undangan', 'Undangan', '', 0, 0, NULL),
('Undangan-75', 'Undangan-75', 75, 'Undangan', 'Undangan', 'Undangan', '', 0, 0, NULL),
('Undangan-76', 'Undangan-76', 76, 'Undangan', 'Undangan', 'Undangan', '', 0, 0, NULL),
('Undangan-77', 'Undangan-77', 77, 'Undangan', 'Undangan', 'Undangan', '', 0, 0, NULL),
('Undangan-78', 'Undangan-78', 78, 'Undangan', 'Undangan', 'Undangan', '', 0, 0, NULL),
('Undangan-79', 'Undangan-79', 79, 'Undangan', 'Undangan', 'Undangan', '', 0, 0, NULL),
('Undangan-8', 'Undangan-8', 8, 'Undangan', 'Undangan', 'Undangan', '', 0, 0, NULL),
('Undangan-80', 'Undangan-80', 80, 'Undangan', 'Undangan', 'Undangan', '', 0, 0, NULL),
('Undangan-9', 'Undangan-9', 9, 'Undangan', 'Undangan', 'Undangan', '', 0, 0, NULL);

-- --------------------------------------------------------

--
-- Table structure for table `data_qrcode`
--

CREATE TABLE `data_qrcode` (
  `kode_peserta` varchar(50) NOT NULL,
  `qr_code` varchar(50) NOT NULL
) ENGINE=InnoDB DEFAULT CHARSET=latin1 COLLATE=latin1_swedish_ci;

--
-- Dumping data for table `data_qrcode`
--

INSERT INTO `data_qrcode` (`kode_peserta`, `qr_code`) VALUES
('KPU Kutai Barat-1', 'KPU Kutai Barat-1.png'),
('KPU Kutai Barat-10', 'KPU Kutai Barat-10.png'),
('KPU Kutai Barat-11', 'KPU Kutai Barat-11.png'),
('KPU Kutai Barat-12', 'KPU Kutai Barat-12.png'),
('KPU Kutai Barat-13', 'KPU Kutai Barat-13.png'),
('KPU Kutai Barat-14', 'KPU Kutai Barat-14.png'),
('KPU Kutai Barat-15', 'KPU Kutai Barat-15.png'),
('KPU Kutai Barat-16', 'KPU Kutai Barat-16.png'),
('KPU Kutai Barat-17', 'KPU Kutai Barat-17.png'),
('KPU Kutai Barat-18', 'KPU Kutai Barat-18.png'),
('KPU Kutai Barat-19', 'KPU Kutai Barat-19.png'),
('KPU Kutai Barat-2', 'KPU Kutai Barat-2.png'),
('KPU Kutai Barat-20', 'KPU Kutai Barat-20.png'),
('KPU Kutai Barat-21', 'KPU Kutai Barat-21.png'),
('KPU Kutai Barat-22', 'KPU Kutai Barat-22.png'),
('KPU Kutai Barat-23', 'KPU Kutai Barat-23.png'),
('KPU Kutai Barat-24', 'KPU Kutai Barat-24.png'),
('KPU Kutai Barat-25', 'KPU Kutai Barat-25.png'),
('KPU Kutai Barat-26', 'KPU Kutai Barat-26.png'),
('KPU Kutai Barat-3', 'KPU Kutai Barat-3.png'),
('KPU Kutai Barat-4', 'KPU Kutai Barat-4.png'),
('KPU Kutai Barat-5', 'KPU Kutai Barat-5.png'),
('KPU Kutai Barat-6', 'KPU Kutai Barat-6.png'),
('KPU Kutai Barat-7', 'KPU Kutai Barat-7.png'),
('KPU Kutai Barat-8', 'KPU Kutai Barat-8.png'),
('KPU Kutai Barat-9', 'KPU Kutai Barat-9.png'),
('Tim Keamanan-1', 'Tim Keamanan-1.png'),
('Tim Keamanan-10', 'Tim Keamanan-10.png'),
('Tim Keamanan-11', 'Tim Keamanan-11.png'),
('Tim Keamanan-12', 'Tim Keamanan-12.png'),
('Tim Keamanan-13', 'Tim Keamanan-13.png'),
('Tim Keamanan-14', 'Tim Keamanan-14.png'),
('Tim Keamanan-15', 'Tim Keamanan-15.png'),
('Tim Keamanan-16', 'Tim Keamanan-16.png'),
('Tim Keamanan-17', 'Tim Keamanan-17.png'),
('Tim Keamanan-18', 'Tim Keamanan-18.png'),
('Tim Keamanan-19', 'Tim Keamanan-19.png'),
('Tim Keamanan-2', 'Tim Keamanan-2.png'),
('Tim Keamanan-20', 'Tim Keamanan-20.png'),
('Tim Keamanan-21', 'Tim Keamanan-21.png'),
('Tim Keamanan-22', 'Tim Keamanan-22.png'),
('Tim Keamanan-23', 'Tim Keamanan-23.png'),
('Tim Keamanan-24', 'Tim Keamanan-24.png'),
('Tim Keamanan-25', 'Tim Keamanan-25.png'),
('Tim Keamanan-26', 'Tim Keamanan-26.png'),
('Tim Keamanan-27', 'Tim Keamanan-27.png'),
('Tim Keamanan-28', 'Tim Keamanan-28.png'),
('Tim Keamanan-29', 'Tim Keamanan-29.png'),
('Tim Keamanan-3', 'Tim Keamanan-3.png'),
('Tim Keamanan-30', 'Tim Keamanan-30.png'),
('Tim Keamanan-4', 'Tim Keamanan-4.png'),
('Tim Keamanan-5', 'Tim Keamanan-5.png'),
('Tim Keamanan-6', 'Tim Keamanan-6.png'),
('Tim Keamanan-7', 'Tim Keamanan-7.png'),
('Tim Keamanan-8', 'Tim Keamanan-8.png'),
('Tim Keamanan-9', 'Tim Keamanan-9.png'),
('Tim Panelis-1', 'Tim Panelis-1.png'),
('Tim Panelis-2', 'Tim Panelis-2.png'),
('Tim Panelis-3', 'Tim Panelis-3.png'),
('Tim Panelis-4', 'Tim Panelis-4.png'),
('Tim Panelis-5', 'Tim Panelis-5.png'),
('Tim Paslon 1-1', 'Tim Paslon 1-1.png'),
('Tim Paslon 1-10', 'Tim Paslon 1-10.png'),
('Tim Paslon 1-11', 'Tim Paslon 1-11.png'),
('Tim Paslon 1-12', 'Tim Paslon 1-12.png'),
('Tim Paslon 1-13', 'Tim Paslon 1-13.png'),
('Tim Paslon 1-14', 'Tim Paslon 1-14.png'),
('Tim Paslon 1-15', 'Tim Paslon 1-15.png'),
('Tim Paslon 1-16', 'Tim Paslon 1-16.png'),
('Tim Paslon 1-17', 'Tim Paslon 1-17.png'),
('Tim Paslon 1-18', 'Tim Paslon 1-18.png'),
('Tim Paslon 1-19', 'Tim Paslon 1-19.png'),
('Tim Paslon 1-2', 'Tim Paslon 1-2.png'),
('Tim Paslon 1-20', 'Tim Paslon 1-20.png'),
('Tim Paslon 1-21', 'Tim Paslon 1-21.png'),
('Tim Paslon 1-22', 'Tim Paslon 1-22.png'),
('Tim Paslon 1-23', 'Tim Paslon 1-23.png'),
('Tim Paslon 1-24', 'Tim Paslon 1-24.png'),
('Tim Paslon 1-25', 'Tim Paslon 1-25.png'),
('Tim Paslon 1-26', 'Tim Paslon 1-26.png'),
('Tim Paslon 1-27', 'Tim Paslon 1-27.png'),
('Tim Paslon 1-28', 'Tim Paslon 1-28.png'),
('Tim Paslon 1-29', 'Tim Paslon 1-29.png'),
('Tim Paslon 1-3', 'Tim Paslon 1-3.png'),
('Tim Paslon 1-30', 'Tim Paslon 1-30.png'),
('Tim Paslon 1-31', 'Tim Paslon 1-31.png'),
('Tim Paslon 1-32', 'Tim Paslon 1-32.png'),
('Tim Paslon 1-33', 'Tim Paslon 1-33.png'),
('Tim Paslon 1-34', 'Tim Paslon 1-34.png'),
('Tim Paslon 1-35', 'Tim Paslon 1-35.png'),
('Tim Paslon 1-36', 'Tim Paslon 1-36.png'),
('Tim Paslon 1-37', 'Tim Paslon 1-37.png'),
('Tim Paslon 1-38', 'Tim Paslon 1-38.png'),
('Tim Paslon 1-39', 'Tim Paslon 1-39.png'),
('Tim Paslon 1-4', 'Tim Paslon 1-4.png'),
('Tim Paslon 1-40', 'Tim Paslon 1-40.png'),
('Tim Paslon 1-41', 'Tim Paslon 1-41.png'),
('Tim Paslon 1-42', 'Tim Paslon 1-42.png'),
('Tim Paslon 1-43', 'Tim Paslon 1-43.png'),
('Tim Paslon 1-44', 'Tim Paslon 1-44.png'),
('Tim Paslon 1-45', 'Tim Paslon 1-45.png'),
('Tim Paslon 1-46', 'Tim Paslon 1-46.png'),
('Tim Paslon 1-47', 'Tim Paslon 1-47.png'),
('Tim Paslon 1-48', 'Tim Paslon 1-48.png'),
('Tim Paslon 1-49', 'Tim Paslon 1-49.png'),
('Tim Paslon 1-5', 'Tim Paslon 1-5.png'),
('Tim Paslon 1-50', 'Tim Paslon 1-50.png'),
('Tim Paslon 1-51', 'Tim Paslon 1-51.png'),
('Tim Paslon 1-52', 'Tim Paslon 1-52.png'),
('Tim Paslon 1-53', 'Tim Paslon 1-53.png'),
('Tim Paslon 1-54', 'Tim Paslon 1-54.png'),
('Tim Paslon 1-55', 'Tim Paslon 1-55.png'),
('Tim Paslon 1-56', 'Tim Paslon 1-56.png'),
('Tim Paslon 1-57', 'Tim Paslon 1-57.png'),
('Tim Paslon 1-58', 'Tim Paslon 1-58.png'),
('Tim Paslon 1-59', 'Tim Paslon 1-59.png'),
('Tim Paslon 1-6', 'Tim Paslon 1-6.png'),
('Tim Paslon 1-60', 'Tim Paslon 1-60.png'),
('Tim Paslon 1-61', 'Tim Paslon 1-61.png'),
('Tim Paslon 1-62', 'Tim Paslon 1-62.png'),
('Tim Paslon 1-63', 'Tim Paslon 1-63.png'),
('Tim Paslon 1-64', 'Tim Paslon 1-64.png'),
('Tim Paslon 1-65', 'Tim Paslon 1-65.png'),
('Tim Paslon 1-66', 'Tim Paslon 1-66.png'),
('Tim Paslon 1-67', 'Tim Paslon 1-67.png'),
('Tim Paslon 1-68', 'Tim Paslon 1-68.png'),
('Tim Paslon 1-69', 'Tim Paslon 1-69.png'),
('Tim Paslon 1-7', 'Tim Paslon 1-7.png'),
('Tim Paslon 1-70', 'Tim Paslon 1-70.png'),
('Tim Paslon 1-71', 'Tim Paslon 1-71.png'),
('Tim Paslon 1-72', 'Tim Paslon 1-72.png'),
('Tim Paslon 1-73', 'Tim Paslon 1-73.png'),
('Tim Paslon 1-74', 'Tim Paslon 1-74.png'),
('Tim Paslon 1-75', 'Tim Paslon 1-75.png'),
('Tim Paslon 1-8', 'Tim Paslon 1-8.png'),
('Tim Paslon 1-9', 'Tim Paslon 1-9.png'),
('Tim Paslon 2-1', 'Tim Paslon 2-1.png'),
('Tim Paslon 2-10', 'Tim Paslon 2-10.png'),
('Tim Paslon 2-11', 'Tim Paslon 2-11.png'),
('Tim Paslon 2-12', 'Tim Paslon 2-12.png'),
('Tim Paslon 2-13', 'Tim Paslon 2-13.png'),
('Tim Paslon 2-14', 'Tim Paslon 2-14.png'),
('Tim Paslon 2-15', 'Tim Paslon 2-15.png'),
('Tim Paslon 2-16', 'Tim Paslon 2-16.png'),
('Tim Paslon 2-17', 'Tim Paslon 2-17.png'),
('Tim Paslon 2-18', 'Tim Paslon 2-18.png'),
('Tim Paslon 2-19', 'Tim Paslon 2-19.png'),
('Tim Paslon 2-2', 'Tim Paslon 2-2.png'),
('Tim Paslon 2-20', 'Tim Paslon 2-20.png'),
('Tim Paslon 2-21', 'Tim Paslon 2-21.png'),
('Tim Paslon 2-22', 'Tim Paslon 2-22.png'),
('Tim Paslon 2-23', 'Tim Paslon 2-23.png'),
('Tim Paslon 2-24', 'Tim Paslon 2-24.png'),
('Tim Paslon 2-25', 'Tim Paslon 2-25.png'),
('Tim Paslon 2-26', 'Tim Paslon 2-26.png'),
('Tim Paslon 2-27', 'Tim Paslon 2-27.png'),
('Tim Paslon 2-28', 'Tim Paslon 2-28.png'),
('Tim Paslon 2-29', 'Tim Paslon 2-29.png'),
('Tim Paslon 2-3', 'Tim Paslon 2-3.png'),
('Tim Paslon 2-30', 'Tim Paslon 2-30.png'),
('Tim Paslon 2-31', 'Tim Paslon 2-31.png'),
('Tim Paslon 2-32', 'Tim Paslon 2-32.png'),
('Tim Paslon 2-33', 'Tim Paslon 2-33.png'),
('Tim Paslon 2-34', 'Tim Paslon 2-34.png'),
('Tim Paslon 2-35', 'Tim Paslon 2-35.png'),
('Tim Paslon 2-36', 'Tim Paslon 2-36.png'),
('Tim Paslon 2-37', 'Tim Paslon 2-37.png'),
('Tim Paslon 2-38', 'Tim Paslon 2-38.png'),
('Tim Paslon 2-39', 'Tim Paslon 2-39.png'),
('Tim Paslon 2-4', 'Tim Paslon 2-4.png'),
('Tim Paslon 2-40', 'Tim Paslon 2-40.png'),
('Tim Paslon 2-41', 'Tim Paslon 2-41.png'),
('Tim Paslon 2-42', 'Tim Paslon 2-42.png'),
('Tim Paslon 2-43', 'Tim Paslon 2-43.png'),
('Tim Paslon 2-44', 'Tim Paslon 2-44.png'),
('Tim Paslon 2-45', 'Tim Paslon 2-45.png'),
('Tim Paslon 2-46', 'Tim Paslon 2-46.png'),
('Tim Paslon 2-47', 'Tim Paslon 2-47.png'),
('Tim Paslon 2-48', 'Tim Paslon 2-48.png'),
('Tim Paslon 2-49', 'Tim Paslon 2-49.png'),
('Tim Paslon 2-5', 'Tim Paslon 2-5.png'),
('Tim Paslon 2-50', 'Tim Paslon 2-50.png'),
('Tim Paslon 2-51', 'Tim Paslon 2-51.png'),
('Tim Paslon 2-52', 'Tim Paslon 2-52.png'),
('Tim Paslon 2-53', 'Tim Paslon 2-53.png'),
('Tim Paslon 2-54', 'Tim Paslon 2-54.png'),
('Tim Paslon 2-55', 'Tim Paslon 2-55.png'),
('Tim Paslon 2-56', 'Tim Paslon 2-56.png'),
('Tim Paslon 2-57', 'Tim Paslon 2-57.png'),
('Tim Paslon 2-58', 'Tim Paslon 2-58.png'),
('Tim Paslon 2-59', 'Tim Paslon 2-59.png'),
('Tim Paslon 2-6', 'Tim Paslon 2-6.png'),
('Tim Paslon 2-60', 'Tim Paslon 2-60.png'),
('Tim Paslon 2-61', 'Tim Paslon 2-61.png'),
('Tim Paslon 2-62', 'Tim Paslon 2-62.png'),
('Tim Paslon 2-63', 'Tim Paslon 2-63.png'),
('Tim Paslon 2-64', 'Tim Paslon 2-64.png'),
('Tim Paslon 2-65', 'Tim Paslon 2-65.png'),
('Tim Paslon 2-66', 'Tim Paslon 2-66.png'),
('Tim Paslon 2-67', 'Tim Paslon 2-67.png'),
('Tim Paslon 2-68', 'Tim Paslon 2-68.png'),
('Tim Paslon 2-69', 'Tim Paslon 2-69.png'),
('Tim Paslon 2-7', 'Tim Paslon 2-7.png'),
('Tim Paslon 2-70', 'Tim Paslon 2-70.png'),
('Tim Paslon 2-71', 'Tim Paslon 2-71.png'),
('Tim Paslon 2-72', 'Tim Paslon 2-72.png'),
('Tim Paslon 2-73', 'Tim Paslon 2-73.png'),
('Tim Paslon 2-74', 'Tim Paslon 2-74.png'),
('Tim Paslon 2-75', 'Tim Paslon 2-75.png'),
('Tim Paslon 2-8', 'Tim Paslon 2-8.png'),
('Tim Paslon 2-9', 'Tim Paslon 2-9.png'),
('Tim Paslon 3-1', 'Tim Paslon 3-1.png'),
('Tim Paslon 3-10', 'Tim Paslon 3-10.png'),
('Tim Paslon 3-11', 'Tim Paslon 3-11.png'),
('Tim Paslon 3-12', 'Tim Paslon 3-12.png'),
('Tim Paslon 3-13', 'Tim Paslon 3-13.png'),
('Tim Paslon 3-14', 'Tim Paslon 3-14.png'),
('Tim Paslon 3-15', 'Tim Paslon 3-15.png'),
('Tim Paslon 3-16', 'Tim Paslon 3-16.png'),
('Tim Paslon 3-17', 'Tim Paslon 3-17.png'),
('Tim Paslon 3-18', 'Tim Paslon 3-18.png'),
('Tim Paslon 3-19', 'Tim Paslon 3-19.png'),
('Tim Paslon 3-2', 'Tim Paslon 3-2.png'),
('Tim Paslon 3-20', 'Tim Paslon 3-20.png'),
('Tim Paslon 3-21', 'Tim Paslon 3-21.png'),
('Tim Paslon 3-22', 'Tim Paslon 3-22.png'),
('Tim Paslon 3-23', 'Tim Paslon 3-23.png'),
('Tim Paslon 3-24', 'Tim Paslon 3-24.png'),
('Tim Paslon 3-25', 'Tim Paslon 3-25.png'),
('Tim Paslon 3-26', 'Tim Paslon 3-26.png'),
('Tim Paslon 3-27', 'Tim Paslon 3-27.png'),
('Tim Paslon 3-28', 'Tim Paslon 3-28.png'),
('Tim Paslon 3-29', 'Tim Paslon 3-29.png'),
('Tim Paslon 3-3', 'Tim Paslon 3-3.png'),
('Tim Paslon 3-30', 'Tim Paslon 3-30.png'),
('Tim Paslon 3-31', 'Tim Paslon 3-31.png'),
('Tim Paslon 3-32', 'Tim Paslon 3-32.png'),
('Tim Paslon 3-33', 'Tim Paslon 3-33.png'),
('Tim Paslon 3-34', 'Tim Paslon 3-34.png'),
('Tim Paslon 3-35', 'Tim Paslon 3-35.png'),
('Tim Paslon 3-36', 'Tim Paslon 3-36.png'),
('Tim Paslon 3-37', 'Tim Paslon 3-37.png'),
('Tim Paslon 3-38', 'Tim Paslon 3-38.png'),
('Tim Paslon 3-39', 'Tim Paslon 3-39.png'),
('Tim Paslon 3-4', 'Tim Paslon 3-4.png'),
('Tim Paslon 3-40', 'Tim Paslon 3-40.png'),
('Tim Paslon 3-41', 'Tim Paslon 3-41.png'),
('Tim Paslon 3-42', 'Tim Paslon 3-42.png'),
('Tim Paslon 3-43', 'Tim Paslon 3-43.png'),
('Tim Paslon 3-44', 'Tim Paslon 3-44.png'),
('Tim Paslon 3-45', 'Tim Paslon 3-45.png'),
('Tim Paslon 3-46', 'Tim Paslon 3-46.png'),
('Tim Paslon 3-47', 'Tim Paslon 3-47.png'),
('Tim Paslon 3-48', 'Tim Paslon 3-48.png'),
('Tim Paslon 3-49', 'Tim Paslon 3-49.png'),
('Tim Paslon 3-5', 'Tim Paslon 3-5.png'),
('Tim Paslon 3-50', 'Tim Paslon 3-50.png'),
('Tim Paslon 3-51', 'Tim Paslon 3-51.png'),
('Tim Paslon 3-52', 'Tim Paslon 3-52.png'),
('Tim Paslon 3-53', 'Tim Paslon 3-53.png'),
('Tim Paslon 3-54', 'Tim Paslon 3-54.png'),
('Tim Paslon 3-55', 'Tim Paslon 3-55.png'),
('Tim Paslon 3-56', 'Tim Paslon 3-56.png'),
('Tim Paslon 3-57', 'Tim Paslon 3-57.png'),
('Tim Paslon 3-58', 'Tim Paslon 3-58.png'),
('Tim Paslon 3-59', 'Tim Paslon 3-59.png'),
('Tim Paslon 3-6', 'Tim Paslon 3-6.png'),
('Tim Paslon 3-60', 'Tim Paslon 3-60.png'),
('Tim Paslon 3-61', 'Tim Paslon 3-61.png'),
('Tim Paslon 3-62', 'Tim Paslon 3-62.png'),
('Tim Paslon 3-63', 'Tim Paslon 3-63.png'),
('Tim Paslon 3-64', 'Tim Paslon 3-64.png'),
('Tim Paslon 3-65', 'Tim Paslon 3-65.png'),
('Tim Paslon 3-66', 'Tim Paslon 3-66.png'),
('Tim Paslon 3-67', 'Tim Paslon 3-67.png'),
('Tim Paslon 3-68', 'Tim Paslon 3-68.png'),
('Tim Paslon 3-69', 'Tim Paslon 3-69.png'),
('Tim Paslon 3-7', 'Tim Paslon 3-7.png'),
('Tim Paslon 3-70', 'Tim Paslon 3-70.png'),
('Tim Paslon 3-71', 'Tim Paslon 3-71.png'),
('Tim Paslon 3-72', 'Tim Paslon 3-72.png'),
('Tim Paslon 3-73', 'Tim Paslon 3-73.png'),
('Tim Paslon 3-74', 'Tim Paslon 3-74.png'),
('Tim Paslon 3-75', 'Tim Paslon 3-75.png'),
('Tim Paslon 3-8', 'Tim Paslon 3-8.png'),
('Tim Paslon 3-9', 'Tim Paslon 3-9.png'),
('Tim Perumus-1', 'Tim Perumus-1.png'),
('Tim Perumus-2', 'Tim Perumus-2.png'),
('Tim Perumus-3', 'Tim Perumus-3.png'),
('Tim Perumus-4', 'Tim Perumus-4.png'),
('Tim Perumus-5', 'Tim Perumus-5.png'),
('Undangan-1', 'Undangan-1.png'),
('Undangan-10', 'Undangan-10.png'),
('Undangan-11', 'Undangan-11.png'),
('Undangan-12', 'Undangan-12.png'),
('Undangan-13', 'Undangan-13.png'),
('Undangan-14', 'Undangan-14.png'),
('Undangan-15', 'Undangan-15.png'),
('Undangan-16', 'Undangan-16.png'),
('Undangan-17', 'Undangan-17.png'),
('Undangan-18', 'Undangan-18.png'),
('Undangan-19', 'Undangan-19.png'),
('Undangan-2', 'Undangan-2.png'),
('Undangan-20', 'Undangan-20.png'),
('Undangan-21', 'Undangan-21.png'),
('Undangan-22', 'Undangan-22.png'),
('Undangan-23', 'Undangan-23.png'),
('Undangan-24', 'Undangan-24.png'),
('Undangan-25', 'Undangan-25.png'),
('Undangan-26', 'Undangan-26.png'),
('Undangan-27', 'Undangan-27.png'),
('Undangan-28', 'Undangan-28.png'),
('Undangan-29', 'Undangan-29.png'),
('Undangan-3', 'Undangan-3.png'),
('Undangan-30', 'Undangan-30.png'),
('Undangan-31', 'Undangan-31.png'),
('Undangan-32', 'Undangan-32.png'),
('Undangan-33', 'Undangan-33.png'),
('Undangan-34', 'Undangan-34.png'),
('Undangan-35', 'Undangan-35.png'),
('Undangan-36', 'Undangan-36.png'),
('Undangan-37', 'Undangan-37.png'),
('Undangan-38', 'Undangan-38.png'),
('Undangan-39', 'Undangan-39.png'),
('Undangan-4', 'Undangan-4.png'),
('Undangan-40', 'Undangan-40.png'),
('Undangan-41', 'Undangan-41.png'),
('Undangan-42', 'Undangan-42.png'),
('Undangan-43', 'Undangan-43.png'),
('Undangan-44', 'Undangan-44.png'),
('Undangan-45', 'Undangan-45.png'),
('Undangan-46', 'Undangan-46.png'),
('Undangan-47', 'Undangan-47.png'),
('Undangan-48', 'Undangan-48.png'),
('Undangan-49', 'Undangan-49.png'),
('Undangan-5', 'Undangan-5.png'),
('Undangan-50', 'Undangan-50.png'),
('Undangan-51', 'Undangan-51.png'),
('Undangan-52', 'Undangan-52.png'),
('Undangan-53', 'Undangan-53.png'),
('Undangan-54', 'Undangan-54.png'),
('Undangan-55', 'Undangan-55.png'),
('Undangan-56', 'Undangan-56.png'),
('Undangan-57', 'Undangan-57.png'),
('Undangan-58', 'Undangan-58.png'),
('Undangan-59', 'Undangan-59.png'),
('Undangan-6', 'Undangan-6.png'),
('Undangan-60', 'Undangan-60.png'),
('Undangan-61', 'Undangan-61.png'),
('Undangan-62', 'Undangan-62.png'),
('Undangan-63', 'Undangan-63.png'),
('Undangan-64', 'Undangan-64.png'),
('Undangan-65', 'Undangan-65.png'),
('Undangan-66', 'Undangan-66.png'),
('Undangan-67', 'Undangan-67.png'),
('Undangan-68', 'Undangan-68.png'),
('Undangan-69', 'Undangan-69.png'),
('Undangan-7', 'Undangan-7.png'),
('Undangan-70', 'Undangan-70.png'),
('Undangan-71', 'Undangan-71.png'),
('Undangan-72', 'Undangan-72.png'),
('Undangan-73', 'Undangan-73.png'),
('Undangan-74', 'Undangan-74.png'),
('Undangan-75', 'Undangan-75.png'),
('Undangan-76', 'Undangan-76.png'),
('Undangan-77', 'Undangan-77.png'),
('Undangan-78', 'Undangan-78.png'),
('Undangan-79', 'Undangan-79.png'),
('Undangan-8', 'Undangan-8.png'),
('Undangan-80', 'Undangan-80.png'),
('Undangan-9', 'Undangan-9.png');

-- --------------------------------------------------------

--
-- Table structure for table `peserta`
--

CREATE TABLE `peserta` (
  `nik` varchar(255) NOT NULL,
  `no_urut` int(11) DEFAULT NULL,
  `nama_peserta` varchar(255) DEFAULT NULL,
  `department` varchar(255) DEFAULT NULL,
  `nama_perusahaan` varchar(255) DEFAULT NULL
) ENGINE=InnoDB DEFAULT CHARSET=utf8mb4 COLLATE=utf8mb4_general_ci;

--
-- Indexes for dumped tables
--

--
-- Indexes for table `daftar_hadiah`
--
ALTER TABLE `daftar_hadiah`
  ADD PRIMARY KEY (`id_hadiah`);

--
-- Indexes for table `daftar_hadir`
--
ALTER TABLE `daftar_hadir`
  ADD PRIMARY KEY (`no_hadir`),
  ADD KEY `kode_peserta` (`kode_peserta`);

--
-- Indexes for table `data_pemenang`
--
ALTER TABLE `data_pemenang`
  ADD PRIMARY KEY (`nik`);

--
-- Indexes for table `data_peserta`
--
ALTER TABLE `data_peserta`
  ADD PRIMARY KEY (`kode_peserta`);

--
-- Indexes for table `data_qrcode`
--
ALTER TABLE `data_qrcode`
  ADD PRIMARY KEY (`kode_peserta`);

--
-- Indexes for table `peserta`
--
ALTER TABLE `peserta`
  ADD PRIMARY KEY (`nik`);

--
-- AUTO_INCREMENT for dumped tables
--

--
-- AUTO_INCREMENT for table `daftar_hadiah`
--
ALTER TABLE `daftar_hadiah`
  MODIFY `id_hadiah` int(11) NOT NULL AUTO_INCREMENT, AUTO_INCREMENT=36;

--
-- AUTO_INCREMENT for table `daftar_hadir`
--
ALTER TABLE `daftar_hadir`
  MODIFY `no_hadir` int(11) NOT NULL AUTO_INCREMENT;
COMMIT;

/*!40101 SET CHARACTER_SET_CLIENT=@OLD_CHARACTER_SET_CLIENT */;
/*!40101 SET CHARACTER_SET_RESULTS=@OLD_CHARACTER_SET_RESULTS */;
/*!40101 SET COLLATION_CONNECTION=@OLD_COLLATION_CONNECTION */;
